Title,URL handle,Description,Vendor,Product category,Type,Tags,Published on online store,Status,SKU,Barcode,Option1 name,Option1 value,Option1 Linked To,Option2 name,Option2 value,Option2 Linked To,Option3 name,Option3 value,Option3 Linked To,Price,Compare-at price,Cost per item,Charge tax,Tax code,Unit price total measure,Unit price total measure unit,Unit price base measure,Unit price base measure unit,Inventory tracker,Inventory quantity,Continue selling when out of stock,Weight value (grams),Weight unit for display,Requires shipping,Fulfillment service,Product image URL,Image position,Image alt text,Variant image URL,Gift card,SEO title,SEO description,Color (product.metafields.shopify.color-pattern),Google Shopping / Google product category,Google Shopping / Gender,Google Shopping / Age group,Google Shopping / Manufacturer part number (MPN),Google Shopping / Ad group name,Google Shopping / Ads labels,Google Shopping / Condition,Google Shopping / Custom product,Google Shopping / Custom label 0,Google Shopping / Custom label 1,Google Shopping / Custom label 2,Google Shopping / Custom label 3,Google Shopping / Custom label 4,Style Name (product.metafields.custom.style_name),Fabric (product.metafields.custom.fabric),Work (product.metafields.custom.work),Blouse Type (product.metafields.custom.blouse_type),Neck Style (product.metafields.custom.neck_style),Sleeve Length (product.metafields.custom.sleeve_length),Lining (product.metafields.custom.lining),Closure (product.metafields.custom.closure),Care Instructions (product.metafields.custom.care_instructions),Origin (product.metafields.custom.origin),Size Chart Type (product.metafields.custom.size_chart_type),Color Group (product.metafields.custom.color_group)
Velvet Sequence Dual Neck Partywear Blouse,velvet-sequence-dual-neck-partywear-blouse,Velvet Sequence Dual Neck Partywear Blouse,VAMAS,Apparel & Accessories > Clothing > Blouses,Blouse,"back-open,velvet,padded-blouse,party-wear,dual-neck-blouses,new_blouses,sleeveless,sweetheart-neck",TRUE,active,X-1350.NS_BLACK-SILVER_32,8.91E+12,COLOR,BLACK-SILVER,,SIZE,32,,,,,2624,2624,2624,FALSE,,,,,,Shopify,10,deny,150,g,TRUE,manual,https://i.ibb.co/wFZzPs15/X-1350-NS-BLACK-FRONT.jpg,1,,https://i.ibb.co/wFZzPs15/X-1350-NS-BLACK-FRONT.jpg,FALSE,Velvet Sequence Dual Neck Partywear Blouse | Vamas,Velvet Sequence Dual Neck Partywear Blouse,,Apparel & Accessories > Clothing > Shirts & Tops,Female,Adult,X-1350.NS_BLACK-SILVER_32,,"back-open,sweetheart-neck,velvet,padded-blouse,sleeveless,party-wear,dual-neck-blouses,new_blouses",,,,,,,,X-1350.NS,VELVET,SEQUENCE,Readymade Padded Blouse,SWEETHEART NECK,SLEEVELESS,Soft Butter Inner Lining,Back Open,Soft Butter Inner Lining,Handcrafted in India,padded_blouse,BLACK
,velvet-sequence-dual-neck-partywear-blouse,,,,,,,,X-1350.NS_BLACK-SILVER_34,8.91E+12,,BLACK-SILVER,,,34,,,,,2624,2624,2624,FALSE,,,,,,Shopify,10,deny,150,g,TRUE,manual,https://i.ibb.co/LXryrfGP/X-1350-NS-BLACK-BACK.jpg,2,,https://i.ibb.co/wFZzPs15/X-1350-NS-BLACK-FRONT.jpg,,,,,,,,X-1350.NS_BLACK-SILVER_34,,,,,,,,,,,,,,,,,,,,,BLACK
,velvet-sequence-dual-neck-partywear-blouse,,,,,,,,X-1350.NS_BLACK-SILVER_36,8.91E+12,,BLACK-SILVER,,,36,,,,,2624,2624,2624,FALSE,,,,,,Shopify,10,deny,150,g,TRUE,manual,https://i.ibb.co/LdLwMyVz/X-1350-NS-BLACK-SIDE1.jpg,3,,https://i.ibb.co/wFZzPs15/X-1350-NS-BLACK-FRONT.jpg,,,,,,,,X-1350.NS_BLACK-SILVER_36,,,,,,,,,,,,,,,,,,,,,BLACK
,velvet-sequence-dual-neck-partywear-blouse,,,,,,,,X-1350.NS_BLACK-SILVER_38,8.91E+12,,BLACK-SILVER,,,38,,,,,2624,2624,2624,FALSE,,,,,,Shopify,10,deny,150,g,TRUE,manual,https://i.ibb.co/HLPCgMKK/X-1350-NS-BLACK-FULL.jpg,4,,https://i.ibb.co/wFZzPs15/X-1350-NS-BLACK-FRONT.jpg,,,,,,,,X-1350.NS_BLACK-SILVER_38,,,,,,,,,,,,,,,,,,,,,BLACK
,velvet-sequence-dual-neck-partywear-blouse,,,,,,,,X-1350.NS_BLACK-SILVER_40,8.91E+12,,BLACK-SILVER,,,40,,,,,2624,2624,2624,FALSE,,,,,,Shopify,10,deny,150,g,TRUE,manual,https://i.ibb.co/C56SDZzz/X-1350-NS-BLACK-ZOOM.jpg,5,,https://i.ibb.co/wFZzPs15/X-1350-NS-BLACK-FRONT.jpg,,,,,,,,X-1350.NS_BLACK-SILVER_40,,,,,,,,,,,,,,,,,,,,,BLACK
,velvet-sequence-dual-neck-partywear-blouse,,,,,,,,X-1350.NS_BLACK-SILVER_42,8.91E+12,,BLACK-SILVER,,,42,,,,,2624,2624,2624,FALSE,,,,,,Shopify,10,deny,150,g,TRUE,manual,,,,https://i.ibb.co/wFZzPs15/X-1350-NS-BLACK-FRONT.jpg,,,,,,,,X-1350.NS_BLACK-SILVER_42,,,,,,,,,,,,,,,,,,,,,BLACK
,velvet-sequence-dual-neck-partywear-blouse,,,,,,,,X-1350.NS_BLACK-WINE_32,8.91E+12,,BLACK-WINE,,,32,,,,,2624,2624,2624,FALSE,,,,,,Shopify,10,deny,150,g,TRUE,manual,https://i.ibb.co/Q71rt4jX/X-1350-NS-BLACK-WINE-FRONT.jpg,6,,https://i.ibb.co/Q71rt4jX/X-1350-NS-BLACK-WINE-FRONT.jpg,FALSE,,,,,,,X-1350.NS_BLACK-WINE_32,,,,,,,,,,,,,,,,,,,,,BLACK
,velvet-sequence-dual-neck-partywear-blouse,,,,,,,,X-1350.NS_BLACK-WINE_34,8.91E+12,,BLACK-WINE,,,34,,,,,2624,2624,2624,FALSE,,,,,,Shopify,10,deny,150,g,TRUE,manual,https://i.ibb.co/VRtbnHk/X-1350-NS-BLACK-WINE-BACK.jpg,7,,https://i.ibb.co/Q71rt4jX/X-1350-NS-BLACK-WINE-FRONT.jpg,,,,,,,,X-1350.NS_BLACK-WINE_34,,,,,,,,,,,,,,,,,,,,,BLACK
,velvet-sequence-dual-neck-partywear-blouse,,,,,,,,X-1350.NS_BLACK-WINE_36,8.91E+12,,BLACK-WINE,,,36,,,,,2624,2624,2624,FALSE,,,,,,Shopify,10,deny,150,g,TRUE,manual,https://i.ibb.co/fY2cpWVZ/X-1350-NS-BLACK-WINE-SIDE1.jpg,8,,https://i.ibb.co/Q71rt4jX/X-1350-NS-BLACK-WINE-FRONT.jpg,,,,,,,,X-1350.NS_BLACK-WINE_36,,,,,,,,,,,,,,,,,,,,,BLACK
,velvet-sequence-dual-neck-partywear-blouse,,,,,,,,X-1350.NS_BLACK-WINE_38,8.91E+12,,BLACK-WINE,,,38,,,,,2624,2624,2624,FALSE,,,,,,Shopify,10,deny,150,g,TRUE,manual,https://i.ibb.co/1GPWxJhN/X-1350-NS-BLACK-WINE-FULL.jpg,9,,https://i.ibb.co/Q71rt4jX/X-1350-NS-BLACK-WINE-FRONT.jpg,,,,,,,,X-1350.NS_BLACK-WINE_38,,,,,,,,,,,,,,,,,,,,,BLACK
,velvet-sequence-dual-neck-partywear-blouse,,,,,,,,X-1350.NS_BLACK-WINE_40,8.91E+12,,BLACK-WINE,,,40,,,,,2624,2624,2624,FALSE,,,,,,Shopify,10,deny,150,g,TRUE,manual,https://i.ibb.co/8n882D99/X-1350-NS-BLACK-WINE-ZOOM.jpg,10,,https://i.ibb.co/Q71rt4jX/X-1350-NS-BLACK-WINE-FRONT.jpg,,,,,,,,X-1350.NS_BLACK-WINE_40,,,,,,,,,,,,,,,,,,,,,BLACK
,velvet-sequence-dual-neck-partywear-blouse,,,,,,,,X-1350.NS_BLACK-WINE_42,8.91E+12,,BLACK-WINE,,,42,,,,,2624,2624,2624,FALSE,,,,,,Shopify,10,deny,150,g,TRUE,manual,,,,https://i.ibb.co/Q71rt4jX/X-1350-NS-BLACK-WINE-FRONT.jpg,,,,,,,,X-1350.NS_BLACK-WINE_42,,,,,,,,,,,,,,,,,,,,,BLACK
,velvet-sequence-dual-neck-partywear-blouse,,,,,,,,X-1350.NS_BOTTLE-GREEN_32,8.91E+12,,BOTTLE-GREEN,,,32,,,,,2624,2624,2624,FALSE,,,,,,Shopify,10,deny,150,g,TRUE,manual,https://i.ibb.co/BKjqRXt7/X-1350-NS-BOTTLE-GREEN-FRONT.jpg,11,,https://i.ibb.co/BKjqRXt7/X-1350-NS-BOTTLE-GREEN-FRONT.jpg,FALSE,,,,,,,X-1350.NS_BOTTLE-GREEN_32,,,,,,,,,,,,,,,,,,,,,BOTTLE-GREEN
,velvet-sequence-dual-neck-partywear-blouse,,,,,,,,X-1350.NS_BOTTLE-GREEN_34,8.91E+12,,BOTTLE-GREEN,,,34,,,,,2624,2624,2624,FALSE,,,,,,Shopify,10,deny,150,g,TRUE,manual,https://i.ibb.co/fVdNzv11/X-1350-NS-BOTTLE-GREEN-BACK.jpg,12,,https://i.ibb.co/BKjqRXt7/X-1350-NS-BOTTLE-GREEN-FRONT.jpg,,,,,,,,X-1350.NS_BOTTLE-GREEN_34,,,,,,,,,,,,,,,,,,,,,BOTTLE-GREEN
,velvet-sequence-dual-neck-partywear-blouse,,,,,,,,X-1350.NS_BOTTLE-GREEN_36,8.91E+12,,BOTTLE-GREEN,,,36,,,,,2624,2624,2624,FALSE,,,,,,Shopify,10,deny,150,g,TRUE,manual,https://i.ibb.co/wNZq8yGm/X-1350-NS-BOTTLE-GREEN-SIDE1.jpg,13,,https://i.ibb.co/BKjqRXt7/X-1350-NS-BOTTLE-GREEN-FRONT.jpg,,,,,,,,X-1350.NS_BOTTLE-GREEN_36,,,,,,,,,,,,,,,,,,,,,BOTTLE-GREEN
,velvet-sequence-dual-neck-partywear-blouse,,,,,,,,X-1350.NS_BOTTLE-GREEN_38,8.91E+12,,BOTTLE-GREEN,,,38,,,,,2624,2624,2624,FALSE,,,,,,Shopify,10,deny,150,g,TRUE,manual,https://i.ibb.co/XfYSNvDL/X-1350-NS-BOTTLE-GREEN-FULL.jpg,14,,https://i.ibb.co/BKjqRXt7/X-1350-NS-BOTTLE-GREEN-FRONT.jpg,,,,,,,,X-1350.NS_BOTTLE-GREEN_38,,,,,,,,,,,,,,,,,,,,,BOTTLE-GREEN
,velvet-sequence-dual-neck-partywear-blouse,,,,,,,,X-1350.NS_BOTTLE-GREEN_40,8.91E+12,,BOTTLE-GREEN,,,40,,,,,2624,2624,2624,FALSE,,,,,,Shopify,10,deny,150,g,TRUE,manual,https://i.ibb.co/rKY0gTXG/X-1350-NS-BOTTLE-GREEN-ZOOM.jpg,15,,https://i.ibb.co/BKjqRXt7/X-1350-NS-BOTTLE-GREEN-FRONT.jpg,,,,,,,,X-1350.NS_BOTTLE-GREEN_40,,,,,,,,,,,,,,,,,,,,,BOTTLE-GREEN
,velvet-sequence-dual-neck-partywear-blouse,,,,,,,,X-1350.NS_BOTTLE-GREEN_42,8.91E+12,,BOTTLE-GREEN,,,42,,,,,2624,2624,2624,FALSE,,,,,,Shopify,10,deny,150,g,TRUE,manual,,,,https://i.ibb.co/BKjqRXt7/X-1350-NS-BOTTLE-GREEN-FRONT.jpg,,,,,,,,X-1350.NS_BOTTLE-GREEN_42,,,,,,,,,,,,,,,,,,,,,BOTTLE-GREEN
,velvet-sequence-dual-neck-partywear-blouse,,,,,,,,X-1350.NS_NAVY-BLUE_32,8.91E+12,,NAVY-BLUE,,,32,,,,,2624,2624,2624,FALSE,,,,,,Shopify,10,deny,150,g,TRUE,manual,https://i.ibb.co/wFQ0H2hh/X-1350-NS-ROYAL-BLUE-FRONT.jpg,16,,https://i.ibb.co/wFQ0H2hh/X-1350-NS-ROYAL-BLUE-FRONT.jpg,FALSE,,,,,,,X-1350.NS_NAVY-BLUE_32,,,,,,,,,,,,,,,,,,,,,NAVY-BLUE
,velvet-sequence-dual-neck-partywear-blouse,,,,,,,,X-1350.NS_NAVY-BLUE_34,8.91E+12,,NAVY-BLUE,,,34,,,,,2624,2624,2624,FALSE,,,,,,Shopify,10,deny,150,g,TRUE,manual,https://i.ibb.co/RpdYqjpy/X-1350-NS-ROYAL-BLUE-BACK.jpg,17,,https://i.ibb.co/wFQ0H2hh/X-1350-NS-ROYAL-BLUE-FRONT.jpg,,,,,,,,X-1350.NS_NAVY-BLUE_34,,,,,,,,,,,,,,,,,,,,,NAVY-BLUE
,velvet-sequence-dual-neck-partywear-blouse,,,,,,,,X-1350.NS_NAVY-BLUE_36,8.91E+12,,NAVY-BLUE,,,36,,,,,2624,2624,2624,FALSE,,,,,,Shopify,10,deny,150,g,TRUE,manual,https://i.ibb.co/Y773cv0Q/X-1350-NS-ROYAL-BLUE-SIDE1.jpg,18,,https://i.ibb.co/wFQ0H2hh/X-1350-NS-ROYAL-BLUE-FRONT.jpg,,,,,,,,X-1350.NS_NAVY-BLUE_36,,,,,,,,,,,,,,,,,,,,,NAVY-BLUE
,velvet-sequence-dual-neck-partywear-blouse,,,,,,,,X-1350.NS_NAVY-BLUE_38,8.91E+12,,NAVY-BLUE,,,38,,,,,2624,2624,2624,FALSE,,,,,,Shopify,10,deny,150,g,TRUE,manual,https://i.ibb.co/ymSMpg7Z/X-1350-NS-ROYAL-BLUE-FULL.jpg,19,,https://i.ibb.co/wFQ0H2hh/X-1350-NS-ROYAL-BLUE-FRONT.jpg,,,,,,,,X-1350.NS_NAVY-BLUE_38,,,,,,,,,,,,,,,,,,,,,NAVY-BLUE
,velvet-sequence-dual-neck-partywear-blouse,,,,,,,,X-1350.NS_NAVY-BLUE_40,8.91E+12,,NAVY-BLUE,,,40,,,,,2624,2624,2624,FALSE,,,,,,Shopify,10,deny,150,g,TRUE,manual,https://i.ibb.co/mCqWJcb4/X-1350-NS-ROYAL-BLUE-ZOOM.jpg,20,,https://i.ibb.co/wFQ0H2hh/X-1350-NS-ROYAL-BLUE-FRONT.jpg,,,,,,,,X-1350.NS_NAVY-BLUE_40,,,,,,,,,,,,,,,,,,,,,NAVY-BLUE
,velvet-sequence-dual-neck-partywear-blouse,,,,,,,,X-1350.NS_NAVY-BLUE_42,8.91E+12,,NAVY-BLUE,,,42,,,,,2624,2624,2624,FALSE,,,,,,Shopify,10,deny,150,g,TRUE,manual,,,,https://i.ibb.co/wFQ0H2hh/X-1350-NS-ROYAL-BLUE-FRONT.jpg,,,,,,,,X-1350.NS_NAVY-BLUE_42,,,,,,,,,,,,,,,,,,,,,NAVY-BLUE
Reverse By Vamas V Neck Cotton Blouse,reverse-by-vamas-v-neck-cotton-blouse,Reverse By Vamas V Neck Cotton Blouse,VAMAS,Apparel & Accessories > Clothing > Blouses,Blouse,"back-open,cotton,padded-blouse,re-verse-by-vamas,side-stretch-blouses,new_blouses,sleeveless,sweetheart-neck",TRUE,active,X-1338.NS_BLACK-WHITE_32,8.91E+12,COLOR,BLACK-WHITE,,SIZE,32,,,,,1699,1699,1699,FALSE,,,,,,Shopify,10,deny,150,g,TRUE,manual,https://i.ibb.co/Mx5XFkHF/X-1338-NS-BLACK-WHITE-R-FRONT.jpg,1,,https://i.ibb.co/Mx5XFkHF/X-1338-NS-BLACK-WHITE-R-FRONT.jpg,FALSE,Reverse By Vamas V Neck Cotton Blouse | Vamas,Reverse By Vamas V Neck Cotton Blouse,,Apparel & Accessories > Clothing > Shirts & Tops,Female,Adult,X-1338.NS_BLACK-WHITE_32,,"back-open,sweetheart-neck,cotton,padded-blouse,sleeveless,re-verse-by-vamas,side-stretch-blouses,new_blouses",,,,,,,,X-1338.NS,COTTON,PRINTED,Readymade Padded Blouse,SWEETHEART NECK,SLEEVELESS,Soft Butter Inner Lining,Back Open,Soft Butter Inner Lining,Handcrafted in India,padded_blouse,BLACK
,reverse-by-vamas-v-neck-cotton-blouse,,,,,,,,X-1338.NS_BLACK-WHITE_34,8.91E+12,,BLACK-WHITE,,,34,,,,,1699,1699,1699,FALSE,,,,,,Shopify,10,deny,150,g,TRUE,manual,https://i.ibb.co/qYqW09Jm/X-1338-NS-BLACK-WHITE-R-BACK.jpg,2,,https://i.ibb.co/Mx5XFkHF/X-1338-NS-BLACK-WHITE-R-FRONT.jpg,,,,,,,,X-1338.NS_BLACK-WHITE_34,,,,,,,,,,,,,,,,,,,,,BLACK
,reverse-by-vamas-v-neck-cotton-blouse,,,,,,,,X-1338.NS_BLACK-WHITE_36,8.91E+12,,BLACK-WHITE,,,36,,,,,1699,1699,1699,FALSE,,,,,,Shopify,10,deny,150,g,TRUE,manual,https://i.ibb.co/842jky5X/X-1338-NS-BLACK-WHITE-ZOOM.jpg,3,,https://i.ibb.co/Mx5XFkHF/X-1338-NS-BLACK-WHITE-R-FRONT.jpg,,,,,,,,X-1338.NS_BLACK-WHITE_36,,,,,,,,,,,,,,,,,,,,,BLACK
,reverse-by-vamas-v-neck-cotton-blouse,,,,,,,,X-1338.NS_BLACK-WHITE_38,8.91E+12,,BLACK-WHITE,,,38,,,,,1699,1699,1699,FALSE,,,,,,Shopify,10,deny,150,g,TRUE,manual,https://i.ibb.co/svHTdcch/X-1338-NS-BLACK-WHITE-R-FULL.jpg,4,,https://i.ibb.co/Mx5XFkHF/X-1338-NS-BLACK-WHITE-R-FRONT.jpg,,,,,,,,X-1338.NS_BLACK-WHITE_38,,,,,,,,,,,,,,,,,,,,,BLACK
,reverse-by-vamas-v-neck-cotton-blouse,,,,,,,,X-1338.NS_BLACK-WHITE_40,8.91E+12,,BLACK-WHITE,,,40,,,,,1699,1699,1699,FALSE,,,,,,Shopify,10,deny,150,g,TRUE,manual,https://i.ibb.co/cKngMdy0/X-1338-NS-BLACK-WHITE-SHOW-1.jpg,5,,https://i.ibb.co/Mx5XFkHF/X-1338-NS-BLACK-WHITE-R-FRONT.jpg,,,,,,,,X-1338.NS_BLACK-WHITE_40,,,,,,,,,,,,,,,,,,,,,BLACK
,reverse-by-vamas-v-neck-cotton-blouse,,,,,,,,X-1338.NS_BLACK-WHITE_42,8.91E+12,,BLACK-WHITE,,,42,,,,,1699,1699,1699,FALSE,,,,,,Shopify,10,deny,150,g,TRUE,manual,,,,https://i.ibb.co/Mx5XFkHF/X-1338-NS-BLACK-WHITE-R-FRONT.jpg,,,,,,,,X-1338.NS_BLACK-WHITE_42,,,,,,,,,,,,,,,,,,,,,BLACK
Vamas Flexible Side Stretch Cotton Blouse,vamas-flexible-side-stretch-cotton-blouse,Vamas Flexible Side Stretch Cotton Blouse,VAMAS,Apparel & Accessories > Clothing > Blouses,Blouse,"back-open,cotton,padded-blouse,everyday-cottons,side-stretch-blouses,new_blouses,sleeveless,v-neck",TRUE,active,X-1345.ELB_NAVY-BLUE_32,8.91E+12,COLOR,NAVY-BLUE,,SIZE,32,,,,,1699,1699,1699,FALSE,,,,,,Shopify,10,deny,150,g,TRUE,manual,https://i.ibb.co/tMsBSmM0/X-1345-ELB-NAVY-BLUE-FRONT.jpg,1,,https://i.ibb.co/tMsBSmM0/X-1345-ELB-NAVY-BLUE-FRONT.jpg,FALSE,Vamas Flexible Side Stretch Cotton Blouse | Vamas,Vamas Flexible Side Stretch Cotton Blouse,,Apparel & Accessories > Clothing > Shirts & Tops,Female,Adult,X-1345.ELB_NAVY-BLUE_32,,"back-open,v-neck,cotton,padded-blouse,sleeveless,everyday-cottons,side-stretch-blouses,new_blouses",,,,,,,,X-1345.ELB,COTTON,PRINTED,Readymade Padded Blouse,V NECK,SLEEVELESS,Soft Butter Inner Lining,Back Open,Soft Butter Inner Lining,Handcrafted in India,padded_blouse,NAVY-BLUE
,vamas-flexible-side-stretch-cotton-blouse,,,,,,,,X-1345.ELB_NAVY-BLUE_34,8.91E+12,,NAVY-BLUE,,,34,,,,,1699,1699,1699,FALSE,,,,,,Shopify,10,deny,150,g,TRUE,manual,https://i.ibb.co/YTKb8r7N/X-1345-ELB-NAVY-BLUE-BACK.jpg,2,,https://i.ibb.co/tMsBSmM0/X-1345-ELB-NAVY-BLUE-FRONT.jpg,,,,,,,,X-1345.ELB_NAVY-BLUE_34,,,,,,,,,,,,,,,,,,,,,NAVY-BLUE
,vamas-flexible-side-stretch-cotton-blouse,,,,,,,,X-1345.ELB_NAVY-BLUE_36,8.91E+12,,NAVY-BLUE,,,36,,,,,1699,1699,1699,FALSE,,,,,,Shopify,10,deny,150,g,TRUE,manual,https://i.ibb.co/k61FC75m/X-1345-ELB-NAVY-BLUE-SIDE.jpg,3,,https://i.ibb.co/tMsBSmM0/X-1345-ELB-NAVY-BLUE-FRONT.jpg,,,,,,,,X-1345.ELB_NAVY-BLUE_36,,,,,,,,,,,,,,,,,,,,,NAVY-BLUE
,vamas-flexible-side-stretch-cotton-blouse,,,,,,,,X-1345.ELB_NAVY-BLUE_38,8.91E+12,,NAVY-BLUE,,,38,,,,,1699,1699,1699,FALSE,,,,,,Shopify,10,deny,150,g,TRUE,manual,https://i.ibb.co/tpdtGc1j/X-1345-ELB-NAVY-BLUE-FULL.jpg,4,,https://i.ibb.co/tMsBSmM0/X-1345-ELB-NAVY-BLUE-FRONT.jpg,,,,,,,,X-1345.ELB_NAVY-BLUE_38,,,,,,,,,,,,,,,,,,,,,NAVY-BLUE
,vamas-flexible-side-stretch-cotton-blouse,,,,,,,,X-1345.ELB_NAVY-BLUE_40,8.91E+12,,NAVY-BLUE,,,40,,,,,1699,1699,1699,FALSE,,,,,,Shopify,10,deny,150,g,TRUE,manual,https://i.ibb.co/HL2g1gPp/X-1345-ELB-NAVY-BLUE-ZOOM.jpg,5,,https://i.ibb.co/tMsBSmM0/X-1345-ELB-NAVY-BLUE-FRONT.jpg,,,,,,,,X-1345.ELB_NAVY-BLUE_40,,,,,,,,,,,,,,,,,,,,,NAVY-BLUE
,vamas-flexible-side-stretch-cotton-blouse,,,,,,,,X-1345.ELB_NAVY-BLUE_42,8.91E+12,,NAVY-BLUE,,,42,,,,,1699,1699,1699,FALSE,,,,,,Shopify,10,deny,150,g,TRUE,manual,,,,https://i.ibb.co/tMsBSmM0/X-1345-ELB-NAVY-BLUE-FRONT.jpg,,,,,,,,X-1345.ELB_NAVY-BLUE_42,,,,,,,,,,,,,,,,,,,,,NAVY-BLUE
,vamas-flexible-side-stretch-cotton-blouse,,,,,,,,X-1345.ELB_NAVY-BLUE_44,8.91E+12,,NAVY-BLUE,,,44,,,,,2039,2039,2039,TRUE,,,,,,Shopify,10,deny,150,g,TRUE,manual,,,,https://i.ibb.co/tMsBSmM0/X-1345-ELB-NAVY-BLUE-FRONT.jpg,,,,,,,,X-1345.ELB_NAVY-BLUE_44,,,,,,,,,,,,,,,,,,,,,NAVY-BLUE
Vamas Tissue Stripes Armhole Cut Sleeveless Blouse,vamas-tissue-stripes-armhole-cut-sleeveless-blouse,Vamas Tissue Stripes Armhole Cut Sleeveless Blouse,VAMAS,Apparel & Accessories > Clothing > Blouses,Blouse,"back-open,brocade,padded-blouse,brocade-bohemia,new_blouses,elbow-sleeves,round-neck",TRUE,active,B-331.NS_BLUE-MULTI_32,8.91E+12,COLOR,BLUE-MULTI,,SIZE,32,,,,,1999,1999,1999,FALSE,,,,,,Shopify,10,deny,150,g,TRUE,manual,https://i.ibb.co/DPxdLxyf/B-331-NS-BLUE-MULTI-FRONT.jpg,1,,https://i.ibb.co/DPxdLxyf/B-331-NS-BLUE-MULTI-FRONT.jpg,FALSE,Vamas Tissue Stripes Armhole Cut Sleeveless Blouse | Vamas,Vamas Tissue Stripes Armhole Cut Sleeveless Blouse,,Apparel & Accessories > Clothing > Shirts & Tops,Female,Adult,B-331.NS_BLUE-MULTI_32,,"back-open,round-neck,brocade,padded-blouse,elbow-sleeves,brocade-bohemia,new_blouses",,,,,,,,B-331.NS,BROCADE,NA,Readymade Padded Blouse,ROUND NECK,ELBOW SLEEVES,Soft Butter Inner Lining,Back Open,Soft Butter Inner Lining,Handcrafted in India,padded_blouse,BLUE
,vamas-tissue-stripes-armhole-cut-sleeveless-blouse,,,,,,,,B-331.NS_BLUE-MULTI_34,8.91E+12,,BLUE-MULTI,,,34,,,,,1999,1999,1999,FALSE,,,,,,Shopify,10,deny,150,g,TRUE,manual,https://i.ibb.co/jZj3tM6d/B-331-NS-BLUE-MULTI-BACK.jpg,2,,https://i.ibb.co/DPxdLxyf/B-331-NS-BLUE-MULTI-FRONT.jpg,,,,,,,,B-331.NS_BLUE-MULTI_34,,,,,,,,,,,,,,,,,,,,,BLUE
,vamas-tissue-stripes-armhole-cut-sleeveless-blouse,,,,,,,,B-331.NS_BLUE-MULTI_36,8.91E+12,,BLUE-MULTI,,,36,,,,,1999,1999,1999,FALSE,,,,,,Shopify,10,deny,150,g,TRUE,manual,https://i.ibb.co/0j8LkTZL/B-331-NS-BLUE-MULTI-SIDE.jpg,3,,https://i.ibb.co/DPxdLxyf/B-331-NS-BLUE-MULTI-FRONT.jpg,,,,,,,,B-331.NS_BLUE-MULTI_36,,,,,,,,,,,,,,,,,,,,,BLUE
,vamas-tissue-stripes-armhole-cut-sleeveless-blouse,,,,,,,,B-331.NS_BLUE-MULTI_38,8.91E+12,,BLUE-MULTI,,,38,,,,,1999,1999,1999,FALSE,,,,,,Shopify,10,deny,150,g,TRUE,manual,https://i.ibb.co/SwMMC3Cd/B-331-NS-BLUE-MULTI-FULL.jpg,4,,https://i.ibb.co/DPxdLxyf/B-331-NS-BLUE-MULTI-FRONT.jpg,,,,,,,,B-331.NS_BLUE-MULTI_38,,,,,,,,,,,,,,,,,,,,,BLUE
,vamas-tissue-stripes-armhole-cut-sleeveless-blouse,,,,,,,,B-331.NS_BLUE-MULTI_40,8.91E+12,,BLUE-MULTI,,,40,,,,,1999,1999,1999,FALSE,,,,,,Shopify,10,deny,150,g,TRUE,manual,https://i.ibb.co/qLZ593fb/B-331-NS-BLUE-MULTI-ZOOM.jpg,5,,https://i.ibb.co/DPxdLxyf/B-331-NS-BLUE-MULTI-FRONT.jpg,,,,,,,,B-331.NS_BLUE-MULTI_40,,,,,,,,,,,,,,,,,,,,,BLUE
,vamas-tissue-stripes-armhole-cut-sleeveless-blouse,,,,,,,,B-331.NS_BLUE-MULTI_42,8.91E+12,,BLUE-MULTI,,,42,,,,,1999,1999,1999,FALSE,,,,,,Shopify,10,deny,150,g,TRUE,manual,,,,https://i.ibb.co/DPxdLxyf/B-331-NS-BLUE-MULTI-FRONT.jpg,,,,,,,,B-331.NS_BLUE-MULTI_42,,,,,,,,,,,,,,,,,,,,,BLUE
,vamas-tissue-stripes-armhole-cut-sleeveless-blouse,,,,,,,,B-331.NS_GOLD-MULTI_32,8.91E+12,,GOLD-MULTI,,,32,,,,,1999,1999,1999,FALSE,,,,,,Shopify,10,deny,150,g,TRUE,manual,https://i.ibb.co/TBV8r7dJ/B-331-NS-GOLD-MULTI-FRONT.jpg,6,,https://i.ibb.co/TBV8r7dJ/B-331-NS-GOLD-MULTI-FRONT.jpg,FALSE,,,,,,,B-331.NS_GOLD-MULTI_32,,,,,,,,,,,,,,,,,,,,,GOLD
,vamas-tissue-stripes-armhole-cut-sleeveless-blouse,,,,,,,,B-331.NS_GOLD-MULTI_34,8.91E+12,,GOLD-MULTI,,,34,,,,,1999,1999,1999,FALSE,,,,,,Shopify,10,deny,150,g,TRUE,manual,https://i.ibb.co/jk2vqckZ/B-331-NS-GOLD-MULTI-BACK.jpg,7,,https://i.ibb.co/TBV8r7dJ/B-331-NS-GOLD-MULTI-FRONT.jpg,,,,,,,,B-331.NS_GOLD-MULTI_34,,,,,,,,,,,,,,,,,,,,,GOLD
,vamas-tissue-stripes-armhole-cut-sleeveless-blouse,,,,,,,,B-331.NS_GOLD-MULTI_36,8.91E+12,,GOLD-MULTI,,,36,,,,,1999,1999,1999,FALSE,,,,,,Shopify,10,deny,150,g,TRUE,manual,https://i.ibb.co/HpXdpN8W/B-331-NS-GOLD-MULTI-SIDE.jpg,8,,https://i.ibb.co/TBV8r7dJ/B-331-NS-GOLD-MULTI-FRONT.jpg,,,,,,,,B-331.NS_GOLD-MULTI_36,,,,,,,,,,,,,,,,,,,,,GOLD
,vamas-tissue-stripes-armhole-cut-sleeveless-blouse,,,,,,,,B-331.NS_GOLD-MULTI_38,8.91E+12,,GOLD-MULTI,,,38,,,,,1999,1999,1999,FALSE,,,,,,Shopify,10,deny,150,g,TRUE,manual,https://i.ibb.co/TBsYyFMC/B-331-NS-GOLD-MULTI-FULL.jpg,9,,https://i.ibb.co/TBV8r7dJ/B-331-NS-GOLD-MULTI-FRONT.jpg,,,,,,,,B-331.NS_GOLD-MULTI_38,,,,,,,,,,,,,,,,,,,,,GOLD
,vamas-tissue-stripes-armhole-cut-sleeveless-blouse,,,,,,,,B-331.NS_GOLD-MULTI_40,8.91E+12,,GOLD-MULTI,,,40,,,,,1999,1999,1999,FALSE,,,,,,Shopify,10,deny,150,g,TRUE,manual,https://i.ibb.co/tM3fcG0G/B-331-NS-GOLD-MULTI-ZOOM.jpg,10,,https://i.ibb.co/TBV8r7dJ/B-331-NS-GOLD-MULTI-FRONT.jpg,,,,,,,,B-331.NS_GOLD-MULTI_40,,,,,,,,,,,,,,,,,,,,,GOLD
,vamas-tissue-stripes-armhole-cut-sleeveless-blouse,,,,,,,,B-331.NS_GOLD-MULTI_42,8.91E+12,,GOLD-MULTI,,,42,,,,,1999,1999,1999,FALSE,,,,,,Shopify,10,deny,150,g,TRUE,manual,,,,https://i.ibb.co/TBV8r7dJ/B-331-NS-GOLD-MULTI-FRONT.jpg,,,,,,,,B-331.NS_GOLD-MULTI_42,,,,,,,,,,,,,,,,,,,,,GOLD
,vamas-tissue-stripes-armhole-cut-sleeveless-blouse,,,,,,,,B-331.NS_MAGENTA-MULTI_32,8.91E+12,,MAGENTA-MULTI,,,32,,,,,1999,1999,1999,FALSE,,,,,,Shopify,10,deny,150,g,TRUE,manual,https://i.ibb.co/dJJnC2jb/B-331-NS-MAGENTA-MULTI-FRONT.jpg,11,,https://i.ibb.co/dJJnC2jb/B-331-NS-MAGENTA-MULTI-FRONT.jpg,FALSE,,,,,,,B-331.NS_MAGENTA-MULTI_32,,,,,,,,,,,,,,,,,,,,,MAGENTA
,vamas-tissue-stripes-armhole-cut-sleeveless-blouse,,,,,,,,B-331.NS_MAGENTA-MULTI_34,8.91E+12,,MAGENTA-MULTI,,,34,,,,,1999,1999,1999,FALSE,,,,,,Shopify,10,deny,150,g,TRUE,manual,https://i.ibb.co/BKQ5NCKY/B-331-NS-MAGENTA-MULTI-BACK.jpg,12,,https://i.ibb.co/dJJnC2jb/B-331-NS-MAGENTA-MULTI-FRONT.jpg,,,,,,,,B-331.NS_MAGENTA-MULTI_34,,,,,,,,,,,,,,,,,,,,,MAGENTA
,vamas-tissue-stripes-armhole-cut-sleeveless-blouse,,,,,,,,B-331.NS_MAGENTA-MULTI_36,8.91E+12,,MAGENTA-MULTI,,,36,,,,,1999,1999,1999,FALSE,,,,,,Shopify,10,deny,150,g,TRUE,manual,https://i.ibb.co/0prq2bLk/B-331-NS-MAGENTA-MULTI-SIDE.jpg,13,,https://i.ibb.co/dJJnC2jb/B-331-NS-MAGENTA-MULTI-FRONT.jpg,,,,,,,,B-331.NS_MAGENTA-MULTI_36,,,,,,,,,,,,,,,,,,,,,MAGENTA
,vamas-tissue-stripes-armhole-cut-sleeveless-blouse,,,,,,,,B-331.NS_MAGENTA-MULTI_38,8.91E+12,,MAGENTA-MULTI,,,38,,,,,1999,1999,1999,FALSE,,,,,,Shopify,10,deny,150,g,TRUE,manual,https://i.ibb.co/C5ydD18w/B-331-NS-MAGENTA-MULTI-FULL.jpg,14,,https://i.ibb.co/dJJnC2jb/B-331-NS-MAGENTA-MULTI-FRONT.jpg,,,,,,,,B-331.NS_MAGENTA-MULTI_38,,,,,,,,,,,,,,,,,,,,,MAGENTA
,vamas-tissue-stripes-armhole-cut-sleeveless-blouse,,,,,,,,B-331.NS_MAGENTA-MULTI_40,8.91E+12,,MAGENTA-MULTI,,,40,,,,,1999,1999,1999,FALSE,,,,,,Shopify,10,deny,150,g,TRUE,manual,https://i.ibb.co/TyzVS0s/B-331-NS-MAGENTA-MULTI-ZOOM.jpg,15,,https://i.ibb.co/dJJnC2jb/B-331-NS-MAGENTA-MULTI-FRONT.jpg,,,,,,,,B-331.NS_MAGENTA-MULTI_40,,,,,,,,,,,,,,,,,,,,,MAGENTA
,vamas-tissue-stripes-armhole-cut-sleeveless-blouse,,,,,,,,B-331.NS_MAGENTA-MULTI_42,8.91E+12,,MAGENTA-MULTI,,,42,,,,,1999,1999,1999,FALSE,,,,,,Shopify,10,deny,150,g,TRUE,manual,,,,https://i.ibb.co/dJJnC2jb/B-331-NS-MAGENTA-MULTI-FRONT.jpg,,,,,,,,B-331.NS_MAGENTA-MULTI_42,,,,,,,,,,,,,,,,,,,,,MAGENTA
Sequence Waves Embroidery Sleeveless Partywear Blouse,sequence-waves-embroidery-sleeveless-partywear-blouse,Sequence Waves Embroidery Sleeveless Partywear Blouse,VAMAS,Apparel & Accessories > Clothing > Blouses,Blouse,"back-open,imported,padded-blouse,party-wear,new_blouses,sleeveless,sweetheart-neck",TRUE,active,B-338.SP_BLACK_32,8.91E+12,COLOR,BLACK,,SIZE,32,,,,,1999,1999,1999,FALSE,,,,,,Shopify,10,deny,150,g,TRUE,manual,https://i.ibb.co/JjnvpyDg/B-338-SP-BLACK-FRONT.jpg,1,,https://i.ibb.co/JjnvpyDg/B-338-SP-BLACK-FRONT.jpg,FALSE,Sequence Waves Embroidery Sleeveless Partywear Blouse | Vamas,Sequence Waves Embroidery Sleeveless Partywear Blouse,,Apparel & Accessories > Clothing > Shirts & Tops,Female,Adult,B-338.SP_BLACK_32,,"back-open,sweetheart-neck,imported,padded-blouse,sleeveless,party-wear,new_blouses",,,,,,,,B-338.SP,GEORGETTE,SEQUENCE,Readymade Padded Blouse,SWEETHEART NECK,SLEEVELESS,Soft Butter Inner Lining,Back Open,Soft Butter Inner Lining,Handcrafted in India,padded_blouse,BLACK
,sequence-waves-embroidery-sleeveless-partywear-blouse,,,,,,,,B-338.SP_BLACK_34,8.91E+12,,BLACK,,,34,,,,,1999,1999,1999,FALSE,,,,,,Shopify,10,deny,150,g,TRUE,manual,https://i.ibb.co/8DLpgt9T/B-338-SP-BLACK-BACK.jpg,2,,https://i.ibb.co/JjnvpyDg/B-338-SP-BLACK-FRONT.jpg,,,,,,,,B-338.SP_BLACK_34,,,,,,,,,,,,,,,,,,,,,BLACK
,sequence-waves-embroidery-sleeveless-partywear-blouse,,,,,,,,B-338.SP_BLACK_36,8.91E+12,,BLACK,,,36,,,,,1999,1999,1999,FALSE,,,,,,Shopify,10,deny,150,g,TRUE,manual,https://i.ibb.co/rGZR4dbM/B-338-SP-BLACK-SIDE.jpg,3,,https://i.ibb.co/JjnvpyDg/B-338-SP-BLACK-FRONT.jpg,,,,,,,,B-338.SP_BLACK_36,,,,,,,,,,,,,,,,,,,,,BLACK
,sequence-waves-embroidery-sleeveless-partywear-blouse,,,,,,,,B-338.SP_BLACK_38,8.91E+12,,BLACK,,,38,,,,,1999,1999,1999,FALSE,,,,,,Shopify,10,deny,150,g,TRUE,manual,https://i.ibb.co/Pv5Psc8x/B-338-SP-BLACK-FULL.jpg,4,,https://i.ibb.co/JjnvpyDg/B-338-SP-BLACK-FRONT.jpg,,,,,,,,B-338.SP_BLACK_38,,,,,,,,,,,,,,,,,,,,,BLACK
,sequence-waves-embroidery-sleeveless-partywear-blouse,,,,,,,,B-338.SP_BLACK_40,8.91E+12,,BLACK,,,40,,,,,1999,1999,1999,FALSE,,,,,,Shopify,10,deny,150,g,TRUE,manual,https://i.ibb.co/qLyfy0hg/B-338-SP-BLACK-ZOOM.jpg,5,,https://i.ibb.co/JjnvpyDg/B-338-SP-BLACK-FRONT.jpg,,,,,,,,B-338.SP_BLACK_40,,,,,,,,,,,,,,,,,,,,,BLACK
,sequence-waves-embroidery-sleeveless-partywear-blouse,,,,,,,,B-338.SP_BLACK_42,8.91E+12,,BLACK,,,42,,,,,1999,1999,1999,FALSE,,,,,,Shopify,10,deny,150,g,TRUE,manual,,,,https://i.ibb.co/JjnvpyDg/B-338-SP-BLACK-FRONT.jpg,,,,,,,,B-338.SP_BLACK_42,,,,,,,,,,,,,,,,,,,,,BLACK
Vamas Brigerton Inspired Rouching Flap Dori Blouse,vamas-brigerton-inspired-rouching-flap-dori-blouse,Vamas Brigerton Inspired Rouching Flap Dori Blouse,VAMAS,Apparel & Accessories > Clothing > Blouses,Blouse,"back-open,tissue,padded-blouse,brigerton-inspired-series,one-of-a-kind-blouses,new_blouses,sleeveless,halter-neck",TRUE,active,B-351.NS_LIGHT-PINK_32,8.91E+12,COLOR,LIGHT-PINK,,SIZE,32,,,,,2624,2624,2624,FALSE,,,,,,Shopify,10,deny,150,g,TRUE,manual,https://i.ibb.co/VXMnBL7/B-351-NS-LIGHT-PINK-FRONT.jpg,1,,https://i.ibb.co/VXMnBL7/B-351-NS-LIGHT-PINK-FRONT.jpg,FALSE,Vamas Brigerton Inspired Rouching Flap Dori Blouse | Vamas,Vamas Brigerton Inspired Rouching Flap Dori Blouse,,Apparel & Accessories > Clothing > Shirts & Tops,Female,Adult,B-351.NS_LIGHT-PINK_32,,"back-open,halter-neck,tissue,padded-blouse,sleeveless,brigerton-inspired-series,one-of-a-kind-blouses,new_blouses",,,,,,,,B-351.NS,TISSUE,NA,Readymade Padded Blouse,HALTER NECK,SLEEVELESS,Soft Butter Inner Lining,Back Open,Soft Butter Inner Lining,Handcrafted in India,padded_blouse,LIGHT-PINK
,vamas-brigerton-inspired-rouching-flap-dori-blouse,,,,,,,,B-351.NS_LIGHT-PINK_34,8.91E+12,,LIGHT-PINK,,,34,,,,,2624,2624,2624,FALSE,,,,,,Shopify,10,deny,150,g,TRUE,manual,https://i.ibb.co/BVW2HWHQ/B-351-NS-LIGHT-PINK-BACK.jpg,2,,https://i.ibb.co/VXMnBL7/B-351-NS-LIGHT-PINK-FRONT.jpg,,,,,,,,B-351.NS_LIGHT-PINK_34,,,,,,,,,,,,,,,,,,,,,LIGHT-PINK
,vamas-brigerton-inspired-rouching-flap-dori-blouse,,,,,,,,B-351.NS_LIGHT-PINK_36,8.91E+12,,LIGHT-PINK,,,36,,,,,2624,2624,2624,FALSE,,,,,,Shopify,10,deny,150,g,TRUE,manual,https://i.ibb.co/NdTLZ5B1/B-351-NS-LIGHT-PINK-SIDE.jpg,3,,https://i.ibb.co/VXMnBL7/B-351-NS-LIGHT-PINK-FRONT.jpg,,,,,,,,B-351.NS_LIGHT-PINK_36,,,,,,,,,,,,,,,,,,,,,LIGHT-PINK
,vamas-brigerton-inspired-rouching-flap-dori-blouse,,,,,,,,B-351.NS_LIGHT-PINK_38,8.91E+12,,LIGHT-PINK,,,38,,,,,2624,2624,2624,FALSE,,,,,,Shopify,10,deny,150,g,TRUE,manual,https://i.ibb.co/Tq2LgzMw/B-351-NS-LIGHT-PINK-FULL.jpg,4,,https://i.ibb.co/VXMnBL7/B-351-NS-LIGHT-PINK-FRONT.jpg,,,,,,,,B-351.NS_LIGHT-PINK_38,,,,,,,,,,,,,,,,,,,,,LIGHT-PINK
,vamas-brigerton-inspired-rouching-flap-dori-blouse,,,,,,,,B-351.NS_LIGHT-PINK_40,8.91E+12,,LIGHT-PINK,,,40,,,,,2624,2624,2624,FALSE,,,,,,Shopify,10,deny,150,g,TRUE,manual,https://i.ibb.co/hRxRwq89/B-351-NS-LIGHT-PINK-ZOOM.jpg,5,,https://i.ibb.co/VXMnBL7/B-351-NS-LIGHT-PINK-FRONT.jpg,,,,,,,,B-351.NS_LIGHT-PINK_40,,,,,,,,,,,,,,,,,,,,,LIGHT-PINK
,vamas-brigerton-inspired-rouching-flap-dori-blouse,,,,,,,,B-351.NS_LIGHT-PINK_42,8.91E+12,,LIGHT-PINK,,,42,,,,,2624,2624,2624,FALSE,,,,,,Shopify,10,deny,150,g,TRUE,manual,,,,https://i.ibb.co/VXMnBL7/B-351-NS-LIGHT-PINK-FRONT.jpg,,,,,,,,B-351.NS_LIGHT-PINK_42,,,,,,,,,,,,,,,,,,,,,LIGHT-PINK
Vamas Polka Dots Zari Dual Neck Silk Blouse,vamas-polka-dots-zari-dual-neck-silk-blouse,Vamas Polka Dots Zari Dual Neck Silk Blouse,VAMAS,Apparel & Accessories > Clothing > Blouses,Blouse,"back-open,art-silk,padded-blouse,dual-neck-blouses,new_blouses,sleeveless,v-neck",TRUE,active,X-1353.ELB_MAROON_32,8.91E+12,COLOR,MAROON,,SIZE,32,,,,,1899,1899,1899,FALSE,,,,,,Shopify,10,deny,150,g,TRUE,manual,https://i.ibb.co/5Wm1543J/X-1353-ELB-MAROON-FRONT.jpg,1,,https://i.ibb.co/5Wm1543J/X-1353-ELB-MAROON-FRONT.jpg,FALSE,Vamas Polka Dots Zari Dual Neck Silk Blouse | Vamas,Vamas Polka Dots Zari Dual Neck Silk Blouse,,Apparel & Accessories > Clothing > Shirts & Tops,Female,Adult,X-1353.ELB_MAROON_32,,"back-open,v-neck,art-silk,padded-blouse,sleeveless,dual-neck-blouses,new_blouses",,,,,,,,X-1353.ELB,ART SILK,NA,Readymade Padded Blouse,V NECK,SLEEVELESS,Soft Butter Inner Lining,Back Open,Soft Butter Inner Lining,Handcrafted in India,padded_blouse,MAROON
,vamas-polka-dots-zari-dual-neck-silk-blouse,,,,,,,,X-1353.ELB_MAROON_34,8.91E+12,,MAROON,,,34,,,,,1899,1899,1899,FALSE,,,,,,Shopify,10,deny,150,g,TRUE,manual,https://i.ibb.co/WWhYh9Vw/X-1353-ELB-MAROON-BACK.jpg,2,,https://i.ibb.co/5Wm1543J/X-1353-ELB-MAROON-FRONT.jpg,,,,,,,,X-1353.ELB_MAROON_34,,,,,,,,,,,,,,,,,,,,,MAROON
,vamas-polka-dots-zari-dual-neck-silk-blouse,,,,,,,,X-1353.ELB_MAROON_36,8.91E+12,,MAROON,,,36,,,,,1899,1899,1899,FALSE,,,,,,Shopify,10,deny,150,g,TRUE,manual,https://i.ibb.co/DDSZ69jm/X-1353-ELB-MAROON-SIDE.jpg,3,,https://i.ibb.co/5Wm1543J/X-1353-ELB-MAROON-FRONT.jpg,,,,,,,,X-1353.ELB_MAROON_36,,,,,,,,,,,,,,,,,,,,,MAROON
,vamas-polka-dots-zari-dual-neck-silk-blouse,,,,,,,,X-1353.ELB_MAROON_38,8.91E+12,,MAROON,,,38,,,,,1899,1899,1899,FALSE,,,,,,Shopify,10,deny,150,g,TRUE,manual,https://i.ibb.co/LXDdnZVQ/X-1353-ELB-MAROON-FULL.jpg,4,,https://i.ibb.co/5Wm1543J/X-1353-ELB-MAROON-FRONT.jpg,,,,,,,,X-1353.ELB_MAROON_38,,,,,,,,,,,,,,,,,,,,,MAROON
,vamas-polka-dots-zari-dual-neck-silk-blouse,,,,,,,,X-1353.ELB_MAROON_40,8.91E+12,,MAROON,,,40,,,,,1899,1899,1899,FALSE,,,,,,Shopify,10,deny,150,g,TRUE,manual,https://i.ibb.co/0jTdDX80/X-1353-ELB-MAROON-ZOOM.jpg,5,,https://i.ibb.co/5Wm1543J/X-1353-ELB-MAROON-FRONT.jpg,,,,,,,,X-1353.ELB_MAROON_40,,,,,,,,,,,,,,,,,,,,,MAROON
,vamas-polka-dots-zari-dual-neck-silk-blouse,,,,,,,,X-1353.ELB_MAROON_42,8.91E+12,,MAROON,,,42,,,,,1899,1899,1899,FALSE,,,,,,Shopify,10,deny,150,g,TRUE,manual,,,,https://i.ibb.co/5Wm1543J/X-1353-ELB-MAROON-FRONT.jpg,,,,,,,,X-1353.ELB_MAROON_42,,,,,,,,,,,,,,,,,,,,,MAROON
,vamas-polka-dots-zari-dual-neck-silk-blouse,,,,,,,,X-1353.ELB_BOTTLE-GREEN_32,8.91E+12,,BOTTLE-GREEN,,,32,,,,,1899,1899,1899,FALSE,,,,,,Shopify,10,deny,150,g,TRUE,manual,https://i.ibb.co/NGTPp8H/X-1353-ELB-BOTTLE-GREEN-FRONT.jpg,6,,https://i.ibb.co/NGTPp8H/X-1353-ELB-BOTTLE-GREEN-FRONT.jpg,FALSE,,,,,,,X-1353.ELB_BOTTLE-GREEN_32,,,,,,,,,,,,,,,,,,,,,BOTTLE-GREEN
,vamas-polka-dots-zari-dual-neck-silk-blouse,,,,,,,,X-1353.ELB_BOTTLE-GREEN_34,8.91E+12,,BOTTLE-GREEN,,,34,,,,,1899,1899,1899,FALSE,,,,,,Shopify,10,deny,150,g,TRUE,manual,https://i.ibb.co/B5qfnmB0/X-1353-ELB-BOTTLE-GREEN-BACK.jpg,7,,https://i.ibb.co/NGTPp8H/X-1353-ELB-BOTTLE-GREEN-FRONT.jpg,,,,,,,,X-1353.ELB_BOTTLE-GREEN_34,,,,,,,,,,,,,,,,,,,,,BOTTLE-GREEN
,vamas-polka-dots-zari-dual-neck-silk-blouse,,,,,,,,X-1353.ELB_BOTTLE-GREEN_36,8.91E+12,,BOTTLE-GREEN,,,36,,,,,1899,1899,1899,FALSE,,,,,,Shopify,10,deny,150,g,TRUE,manual,https://i.ibb.co/WNbc4C87/X-1353-ELB-BOTTLE-GREEN-SIDE.jpg,8,,https://i.ibb.co/NGTPp8H/X-1353-ELB-BOTTLE-GREEN-FRONT.jpg,,,,,,,,X-1353.ELB_BOTTLE-GREEN_36,,,,,,,,,,,,,,,,,,,,,BOTTLE-GREEN
,vamas-polka-dots-zari-dual-neck-silk-blouse,,,,,,,,X-1353.ELB_BOTTLE-GREEN_38,8.91E+12,,BOTTLE-GREEN,,,38,,,,,1899,1899,1899,FALSE,,,,,,Shopify,10,deny,150,g,TRUE,manual,https://i.ibb.co/GvhppmTn/X-1353-ELB-BOTTLE-GREEN-FULL.jpg,9,,https://i.ibb.co/NGTPp8H/X-1353-ELB-BOTTLE-GREEN-FRONT.jpg,,,,,,,,X-1353.ELB_BOTTLE-GREEN_38,,,,,,,,,,,,,,,,,,,,,BOTTLE-GREEN
,vamas-polka-dots-zari-dual-neck-silk-blouse,,,,,,,,X-1353.ELB_BOTTLE-GREEN_40,8.91E+12,,BOTTLE-GREEN,,,40,,,,,1899,1899,1899,FALSE,,,,,,Shopify,10,deny,150,g,TRUE,manual,https://i.ibb.co/bRDqDxgp/X-1353-ELB-BOTTLE-GREEN-ZOOM.jpg,10,,https://i.ibb.co/NGTPp8H/X-1353-ELB-BOTTLE-GREEN-FRONT.jpg,,,,,,,,X-1353.ELB_BOTTLE-GREEN_40,,,,,,,,,,,,,,,,,,,,,BOTTLE-GREEN
,vamas-polka-dots-zari-dual-neck-silk-blouse,,,,,,,,X-1353.ELB_BOTTLE-GREEN_42,8.91E+12,,BOTTLE-GREEN,,,42,,,,,1899,1899,1899,FALSE,,,,,,Shopify,10,deny,150,g,TRUE,manual,,,,https://i.ibb.co/NGTPp8H/X-1353-ELB-BOTTLE-GREEN-FRONT.jpg,,,,,,,,X-1353.ELB_BOTTLE-GREEN_42,,,,,,,,,,,,,,,,,,,,,BOTTLE-GREEN
,vamas-polka-dots-zari-dual-neck-silk-blouse,,,,,,,,X-1353.ELB_PINK_32,8.91E+12,,PINK,,,32,,,,,1899,1899,1899,FALSE,,,,,,Shopify,10,deny,150,g,TRUE,manual,https://i.ibb.co/FLnBzHY4/X-1353-ELB-PINK-FRONT.jpg,11,,https://i.ibb.co/FLnBzHY4/X-1353-ELB-PINK-FRONT.jpg,FALSE,,,,,,,X-1353.ELB_PINK_32,,,,,,,,,,,,,,,,,,,,,PINK
,vamas-polka-dots-zari-dual-neck-silk-blouse,,,,,,,,X-1353.ELB_PINK_34,8.91E+12,,PINK,,,34,,,,,1899,1899,1899,FALSE,,,,,,Shopify,10,deny,150,g,TRUE,manual,https://i.ibb.co/Y75D3nm3/X-1353-ELB-PINK-BACK.jpg,12,,https://i.ibb.co/FLnBzHY4/X-1353-ELB-PINK-FRONT.jpg,,,,,,,,X-1353.ELB_PINK_34,,,,,,,,,,,,,,,,,,,,,PINK
,vamas-polka-dots-zari-dual-neck-silk-blouse,,,,,,,,X-1353.ELB_PINK_36,8.91E+12,,PINK,,,36,,,,,1899,1899,1899,FALSE,,,,,,Shopify,10,deny,150,g,TRUE,manual,https://i.ibb.co/W4dRSmcD/X-1353-ELB-PINK-SIDE.jpg,13,,https://i.ibb.co/FLnBzHY4/X-1353-ELB-PINK-FRONT.jpg,,,,,,,,X-1353.ELB_PINK_36,,,,,,,,,,,,,,,,,,,,,PINK
,vamas-polka-dots-zari-dual-neck-silk-blouse,,,,,,,,X-1353.ELB_PINK_38,8.91E+12,,PINK,,,38,,,,,1899,1899,1899,FALSE,,,,,,Shopify,10,deny,150,g,TRUE,manual,https://i.ibb.co/m5bwvVzP/X-1353-ELB-PINK-FULL.jpg,14,,https://i.ibb.co/FLnBzHY4/X-1353-ELB-PINK-FRONT.jpg,,,,,,,,X-1353.ELB_PINK_38,,,,,,,,,,,,,,,,,,,,,PINK
,vamas-polka-dots-zari-dual-neck-silk-blouse,,,,,,,,X-1353.ELB_PINK_40,8.91E+12,,PINK,,,40,,,,,1899,1899,1899,FALSE,,,,,,Shopify,10,deny,150,g,TRUE,manual,https://i.ibb.co/H8CLXg6/X-1353-ELB-PINK-ZOOM.jpg,15,,https://i.ibb.co/FLnBzHY4/X-1353-ELB-PINK-FRONT.jpg,,,,,,,,X-1353.ELB_PINK_40,,,,,,,,,,,,,,,,,,,,,PINK
,vamas-polka-dots-zari-dual-neck-silk-blouse,,,,,,,,X-1353.ELB_PINK_42,8.91E+12,,PINK,,,42,,,,,1899,1899,1899,FALSE,,,,,,Shopify,10,deny,150,g,TRUE,manual,,,,https://i.ibb.co/FLnBzHY4/X-1353-ELB-PINK-FRONT.jpg,,,,,,,,X-1353.ELB_PINK_42,,,,,,,,,,,,,,,,,,,,,PINK
,vamas-polka-dots-zari-dual-neck-silk-blouse,,,,,,,,X-1353.ELB_BLACK_32,8.91E+12,,BLACK,,,32,,,,,1899,1899,1899,FALSE,,,,,,Shopify,10,deny,150,g,TRUE,manual,https://i.ibb.co/8W5jRth/X-1353-ELB-BLACK-FRONT.jpg,16,,https://i.ibb.co/8W5jRth/X-1353-ELB-BLACK-FRONT.jpg,FALSE,,,,,,,X-1353.ELB_BLACK_32,,,,,,,,,,,,,,,,,,,,,BLACK
,vamas-polka-dots-zari-dual-neck-silk-blouse,,,,,,,,X-1353.ELB_BLACK_34,8.91E+12,,BLACK,,,34,,,,,1899,1899,1899,FALSE,,,,,,Shopify,10,deny,150,g,TRUE,manual,https://i.ibb.co/KjgLWmyN/X-1353-ELB-BLACK-BACK.jpg,17,,https://i.ibb.co/8W5jRth/X-1353-ELB-BLACK-FRONT.jpg,,,,,,,,X-1353.ELB_BLACK_34,,,,,,,,,,,,,,,,,,,,,BLACK
,vamas-polka-dots-zari-dual-neck-silk-blouse,,,,,,,,X-1353.ELB_BLACK_36,8.91E+12,,BLACK,,,36,,,,,1899,1899,1899,FALSE,,,,,,Shopify,10,deny,150,g,TRUE,manual,https://i.ibb.co/PsMk71BM/X-1353-ELB-BLACK-SIDE.jpg,18,,https://i.ibb.co/8W5jRth/X-1353-ELB-BLACK-FRONT.jpg,,,,,,,,X-1353.ELB_BLACK_36,,,,,,,,,,,,,,,,,,,,,BLACK
,vamas-polka-dots-zari-dual-neck-silk-blouse,,,,,,,,X-1353.ELB_BLACK_38,8.91E+12,,BLACK,,,38,,,,,1899,1899,1899,FALSE,,,,,,Shopify,10,deny,150,g,TRUE,manual,https://i.ibb.co/9HJwWKP2/X-1353-ELB-BLACK-FULL.jpg,19,,https://i.ibb.co/8W5jRth/X-1353-ELB-BLACK-FRONT.jpg,,,,,,,,X-1353.ELB_BLACK_38,,,,,,,,,,,,,,,,,,,,,BLACK
,vamas-polka-dots-zari-dual-neck-silk-blouse,,,,,,,,X-1353.ELB_BLACK_40,8.91E+12,,BLACK,,,40,,,,,1899,1899,1899,FALSE,,,,,,Shopify,10,deny,150,g,TRUE,manual,https://i.ibb.co/RTZr8qSk/X-1353-ELB-BLACK-ZOOM.jpg,20,,https://i.ibb.co/8W5jRth/X-1353-ELB-BLACK-FRONT.jpg,,,,,,,,X-1353.ELB_BLACK_40,,,,,,,,,,,,,,,,,,,,,BLACK
,vamas-polka-dots-zari-dual-neck-silk-blouse,,,,,,,,X-1353.ELB_BLACK_42,8.91E+12,,BLACK,,,42,,,,,1899,1899,1899,FALSE,,,,,,Shopify,10,deny,150,g,TRUE,manual,,,,https://i.ibb.co/8W5jRth/X-1353-ELB-BLACK-FRONT.jpg,,,,,,,,X-1353.ELB_BLACK_42,,,,,,,,,,,,,,,,,,,,,BLACK
Vamas High Neck Silk Lapel Collar Blouse,vamas-high-neck-silk-lapel-collar-blouse,Vamas High Neck Silk Lapel Collar Blouse,VAMAS,Apparel & Accessories > Clothing > Blouses,Blouse,"back-open,dupion-silk,padded-blouse,royal-collar-necks,new_blouses,elbow-sleeves,halter-neck",TRUE,active,X-1344.ELB_BLACK_32,8.91E+12,COLOR,BLACK,,SIZE,32,,,,,1699,1699,1699,FALSE,,,,,,Shopify,10,deny,150,g,TRUE,manual,https://i.ibb.co/ks6Vskvm/X-1344-ELB-BLACK-FRONT.jpg,1,,https://i.ibb.co/ks6Vskvm/X-1344-ELB-BLACK-FRONT.jpg,FALSE,Vamas High Neck Silk Lapel Collar Blouse | Vamas,Vamas High Neck Silk Lapel Collar Blouse,,Apparel & Accessories > Clothing > Shirts & Tops,Female,Adult,X-1344.ELB_BLACK_32,,"back-open,halter-neck,dupion-silk,padded-blouse,elbow-sleeves,royal-collar-necks,new_blouses",,,,,,,,X-1344.ELB,ART SILK,NA,Readymade Padded Blouse,HALTER NECK,ELBOW SLEEVES,Soft Butter Inner Lining,Back Open,Soft Butter Inner Lining,Handcrafted in India,padded_blouse,BLACK
,vamas-high-neck-silk-lapel-collar-blouse,,,,,,,,X-1344.ELB_BLACK_34,8.91E+12,,BLACK,,,34,,,,,1699,1699,1699,FALSE,,,,,,Shopify,10,deny,150,g,TRUE,manual,https://i.ibb.co/B5Hqy2VV/X-1344-ELB-BLACK-BACK.jpg,2,,https://i.ibb.co/ks6Vskvm/X-1344-ELB-BLACK-FRONT.jpg,,,,,,,,X-1344.ELB_BLACK_34,,,,,,,,,,,,,,,,,,,,,BLACK
,vamas-high-neck-silk-lapel-collar-blouse,,,,,,,,X-1344.ELB_BLACK_36,8.91E+12,,BLACK,,,36,,,,,1699,1699,1699,FALSE,,,,,,Shopify,10,deny,150,g,TRUE,manual,https://i.ibb.co/3mKMrqkt/X-1344-ELB-BLACK-SIDE.jpg,3,,https://i.ibb.co/ks6Vskvm/X-1344-ELB-BLACK-FRONT.jpg,,,,,,,,X-1344.ELB_BLACK_36,,,,,,,,,,,,,,,,,,,,,BLACK
,vamas-high-neck-silk-lapel-collar-blouse,,,,,,,,X-1344.ELB_BLACK_38,8.91E+12,,BLACK,,,38,,,,,1699,1699,1699,FALSE,,,,,,Shopify,10,deny,150,g,TRUE,manual,https://i.ibb.co/VpQPdtxF/X-1344-ELB-BLACK-FULL.jpg,4,,https://i.ibb.co/ks6Vskvm/X-1344-ELB-BLACK-FRONT.jpg,,,,,,,,X-1344.ELB_BLACK_38,,,,,,,,,,,,,,,,,,,,,BLACK
,vamas-high-neck-silk-lapel-collar-blouse,,,,,,,,X-1344.ELB_BLACK_40,8.91E+12,,BLACK,,,40,,,,,1699,1699,1699,FALSE,,,,,,Shopify,10,deny,150,g,TRUE,manual,https://i.ibb.co/jZzJZx37/X-1344-ELB-BLACK-ZOOM.jpg,5,,https://i.ibb.co/ks6Vskvm/X-1344-ELB-BLACK-FRONT.jpg,,,,,,,,X-1344.ELB_BLACK_40,,,,,,,,,,,,,,,,,,,,,BLACK
,vamas-high-neck-silk-lapel-collar-blouse,,,,,,,,X-1344.ELB_BLACK_42,8.91E+12,,BLACK,,,42,,,,,1699,1699,1699,FALSE,,,,,,Shopify,10,deny,150,g,TRUE,manual,,,,https://i.ibb.co/ks6Vskvm/X-1344-ELB-BLACK-FRONT.jpg,,,,,,,,X-1344.ELB_BLACK_42,,,,,,,,,,,,,,,,,,,,,BLACK
,vamas-high-neck-silk-lapel-collar-blouse,,,,,,,,X-1344.ELB_BLACK_44,8.91E+12,,BLACK,,,44,,,,,2039,2039,2039,TRUE,,,,,,Shopify,10,deny,150,g,TRUE,manual,,,,https://i.ibb.co/ks6Vskvm/X-1344-ELB-BLACK-FRONT.jpg,,,,,,,,X-1344.ELB_BLACK_44,,,,,,,,,,,,,,,,,,,,,BLACK
,vamas-high-neck-silk-lapel-collar-blouse,,,,,,,,X-1344.ELB_BLACK_46,8.91E+12,,BLACK,,,46,,,,,2039,2039,2039,TRUE,,,,,,Shopify,10,deny,150,g,TRUE,manual,,,,https://i.ibb.co/ks6Vskvm/X-1344-ELB-BLACK-FRONT.jpg,,,,,,,,X-1344.ELB_BLACK_46,,,,,,,,,,,,,,,,,,,,,BLACK
,vamas-high-neck-silk-lapel-collar-blouse,,,,,,,,X-1344.ELB_GOLD_32,8.91E+12,,GOLD,,,32,,,,,1699,1699,1699,FALSE,,,,,,Shopify,10,deny,150,g,TRUE,manual,https://i.ibb.co/TB9VVmJb/X-1344-ELB-GOLD-FRONT.jpg,6,,https://i.ibb.co/TB9VVmJb/X-1344-ELB-GOLD-FRONT.jpg,FALSE,,,,,,,X-1344.ELB_GOLD_32,,,,,,,,,,,,,,,,,,,,,GOLD
,vamas-high-neck-silk-lapel-collar-blouse,,,,,,,,X-1344.ELB_GOLD_34,8.91E+12,,GOLD,,,34,,,,,1699,1699,1699,FALSE,,,,,,Shopify,10,deny,150,g,TRUE,manual,https://i.ibb.co/DHdf0Pn2/X-1344-ELB-GOLD-BACK.jpg,7,,https://i.ibb.co/TB9VVmJb/X-1344-ELB-GOLD-FRONT.jpg,,,,,,,,X-1344.ELB_GOLD_34,,,,,,,,,,,,,,,,,,,,,GOLD
,vamas-high-neck-silk-lapel-collar-blouse,,,,,,,,X-1344.ELB_GOLD_36,8.91E+12,,GOLD,,,36,,,,,1699,1699,1699,FALSE,,,,,,Shopify,10,deny,150,g,TRUE,manual,https://i.ibb.co/pBrTPfYJ/X-1344-ELB-GOLD-SIDE.jpg,8,,https://i.ibb.co/TB9VVmJb/X-1344-ELB-GOLD-FRONT.jpg,,,,,,,,X-1344.ELB_GOLD_36,,,,,,,,,,,,,,,,,,,,,GOLD
,vamas-high-neck-silk-lapel-collar-blouse,,,,,,,,X-1344.ELB_GOLD_38,8.91E+12,,GOLD,,,38,,,,,1699,1699,1699,FALSE,,,,,,Shopify,10,deny,150,g,TRUE,manual,https://i.ibb.co/VPf0cwG/X-1344-ELB-GOLD-FULL.jpg,9,,https://i.ibb.co/TB9VVmJb/X-1344-ELB-GOLD-FRONT.jpg,,,,,,,,X-1344.ELB_GOLD_38,,,,,,,,,,,,,,,,,,,,,GOLD
,vamas-high-neck-silk-lapel-collar-blouse,,,,,,,,X-1344.ELB_GOLD_40,8.91E+12,,GOLD,,,40,,,,,1699,1699,1699,FALSE,,,,,,Shopify,10,deny,150,g,TRUE,manual,https://i.ibb.co/GQNwSJzz/X-1344-ELB-GOLD-ZOOM.jpg,10,,https://i.ibb.co/TB9VVmJb/X-1344-ELB-GOLD-FRONT.jpg,,,,,,,,X-1344.ELB_GOLD_40,,,,,,,,,,,,,,,,,,,,,GOLD
,vamas-high-neck-silk-lapel-collar-blouse,,,,,,,,X-1344.ELB_GOLD_42,8.91E+12,,GOLD,,,42,,,,,1699,1699,1699,FALSE,,,,,,Shopify,10,deny,150,g,TRUE,manual,,,,https://i.ibb.co/TB9VVmJb/X-1344-ELB-GOLD-FRONT.jpg,,,,,,,,X-1344.ELB_GOLD_42,,,,,,,,,,,,,,,,,,,,,GOLD
,vamas-high-neck-silk-lapel-collar-blouse,,,,,,,,X-1344.ELB_GOLD_44,8.91E+12,,GOLD,,,44,,,,,2039,2039,2039,TRUE,,,,,,Shopify,10,deny,150,g,TRUE,manual,,,,https://i.ibb.co/TB9VVmJb/X-1344-ELB-GOLD-FRONT.jpg,,,,,,,,X-1344.ELB_GOLD_44,,,,,,,,,,,,,,,,,,,,,GOLD
,vamas-high-neck-silk-lapel-collar-blouse,,,,,,,,X-1344.ELB_GOLD_46,8.91E+12,,GOLD,,,46,,,,,2039,2039,2039,TRUE,,,,,,Shopify,10,deny,150,g,TRUE,manual,,,,https://i.ibb.co/TB9VVmJb/X-1344-ELB-GOLD-FRONT.jpg,,,,,,,,X-1344.ELB_GOLD_46,,,,,,,,,,,,,,,,,,,,,GOLD
Gajji Silk Gold Pleated Armhole Blouse,gajji-silk-gold-pleated-armhole-blouse,Gajji Silk Gold Pleated Armhole Blouse,VAMAS,Apparel & Accessories > Clothing > Blouses,Blouse,"front-open,mahira-silk,padded-blouse,signature-sleeveless,new_blouses,elbow-sleeves,v-neck",TRUE,active,X-1347.NS_GOLD_32,8.91E+12,COLOR,GOLD,,SIZE,32,,,,,1699,1699,1699,FALSE,,,,,,Shopify,10,deny,150,g,TRUE,manual,https://i.ibb.co/9Hz7gDcW/X-1347-NS-GOLD-FRONT.jpg,1,,https://i.ibb.co/9Hz7gDcW/X-1347-NS-GOLD-FRONT.jpg,FALSE,Gajji Silk Gold Pleated Armhole Blouse | Vamas,Gajji Silk Gold Pleated Armhole Blouse,,Apparel & Accessories > Clothing > Shirts & Tops,Female,Adult,X-1347.NS_GOLD_32,,"front-open,v-neck,mahira-silk,padded-blouse,elbow-sleeves,signature-sleeveless,new_blouses",,,,,,,,X-1347.NS,ART SILK,NA,Readymade Padded Blouse,V NECK,ELBOW SLEEVES,Soft Butter Inner Lining,Front Open,Soft Butter Inner Lining,Handcrafted in India,padded_blouse,GOLD
,gajji-silk-gold-pleated-armhole-blouse,,,,,,,,X-1347.NS_GOLD_34,8.91E+12,,GOLD,,,34,,,,,1699,1699,1699,FALSE,,,,,,Shopify,10,deny,150,g,TRUE,manual,https://i.ibb.co/21Fc5KLy/X-1347-NS-GOLD-BACK.jpg,2,,https://i.ibb.co/9Hz7gDcW/X-1347-NS-GOLD-FRONT.jpg,,,,,,,,X-1347.NS_GOLD_34,,,,,,,,,,,,,,,,,,,,,GOLD
,gajji-silk-gold-pleated-armhole-blouse,,,,,,,,X-1347.NS_GOLD_36,8.91E+12,,GOLD,,,36,,,,,1699,1699,1699,FALSE,,,,,,Shopify,10,deny,150,g,TRUE,manual,https://i.ibb.co/N6NxXks1/X-1347-NS-GOLD-SIDE.jpg,3,,https://i.ibb.co/9Hz7gDcW/X-1347-NS-GOLD-FRONT.jpg,,,,,,,,X-1347.NS_GOLD_36,,,,,,,,,,,,,,,,,,,,,GOLD
,gajji-silk-gold-pleated-armhole-blouse,,,,,,,,X-1347.NS_GOLD_38,8.91E+12,,GOLD,,,38,,,,,1699,1699,1699,FALSE,,,,,,Shopify,10,deny,150,g,TRUE,manual,https://i.ibb.co/PzFJNFyB/X-1347-NS-GOLD-FULL.jpg,4,,https://i.ibb.co/9Hz7gDcW/X-1347-NS-GOLD-FRONT.jpg,,,,,,,,X-1347.NS_GOLD_38,,,,,,,,,,,,,,,,,,,,,GOLD
,gajji-silk-gold-pleated-armhole-blouse,,,,,,,,X-1347.NS_GOLD_40,8.91E+12,,GOLD,,,40,,,,,1699,1699,1699,FALSE,,,,,,Shopify,10,deny,150,g,TRUE,manual,https://i.ibb.co/s9pWq6wy/X-1347-NS-GOLD-ZOOM.jpg,5,,https://i.ibb.co/9Hz7gDcW/X-1347-NS-GOLD-FRONT.jpg,,,,,,,,X-1347.NS_GOLD_40,,,,,,,,,,,,,,,,,,,,,GOLD
,gajji-silk-gold-pleated-armhole-blouse,,,,,,,,X-1347.NS_GOLD_42,8.91E+12,,GOLD,,,42,,,,,1699,1699,1699,FALSE,,,,,,Shopify,10,deny,150,g,TRUE,manual,,,,https://i.ibb.co/9Hz7gDcW/X-1347-NS-GOLD-FRONT.jpg,,,,,,,,X-1347.NS_GOLD_42,,,,,,,,,,,,,,,,,,,,,GOLD
Vamas Signature V Neck Brocade Blouse,vamas-signature-v-neck-brocade-blouse,Vamas Signature V Neck Brocade Blouse,VAMAS,Apparel & Accessories > Clothing > Blouses,Blouse,"back-open,brocade,padded-blouse,brocade-bohemia,new_blouses,sleeveless,paan-neck",TRUE,active,X-1355.ELB_FIRE-BLUE_32,8.91E+12,COLOR,FIRE-BLUE,,SIZE,32,,,,,1499,1499,1499,FALSE,,,,,,Shopify,10,deny,150,g,TRUE,manual,https://i.ibb.co/27BDDry4/X-1355-ELB-FIRE-BLUE-FRONT.jpg,1,,https://i.ibb.co/27BDDry4/X-1355-ELB-FIRE-BLUE-FRONT.jpg,FALSE,Vamas Signature V Neck Brocade Blouse | Vamas,Vamas Signature V Neck Brocade Blouse,,Apparel & Accessories > Clothing > Shirts & Tops,Female,Adult,X-1355.ELB_FIRE-BLUE_32,,"back-open,paan-neck,brocade,padded-blouse,sleeveless,brocade-bohemia,new_blouses",,,,,,,,X-1355.ELB,BROCADE,NA,Readymade Padded Blouse,PAAN NECK,SLEEVELESS,Soft Butter Inner Lining,Back Open,Soft Butter Inner Lining,Handcrafted in India,padded_blouse,BLUE
,vamas-signature-v-neck-brocade-blouse,,,,,,,,X-1355.ELB_FIRE-BLUE_34,8.91E+12,,FIRE-BLUE,,,34,,,,,1499,1499,1499,FALSE,,,,,,Shopify,10,deny,150,g,TRUE,manual,https://i.ibb.co/rfbdktww/X-1355-ELB-FIRE-BLUE-BACK.jpg,2,,https://i.ibb.co/27BDDry4/X-1355-ELB-FIRE-BLUE-FRONT.jpg,,,,,,,,X-1355.ELB_FIRE-BLUE_34,,,,,,,,,,,,,,,,,,,,,BLUE
,vamas-signature-v-neck-brocade-blouse,,,,,,,,X-1355.ELB_FIRE-BLUE_36,8.91E+12,,FIRE-BLUE,,,36,,,,,1499,1499,1499,FALSE,,,,,,Shopify,10,deny,150,g,TRUE,manual,https://i.ibb.co/fcxMZKY/X-1355-ELB-FIRE-BLUE-SIDE.jpg,3,,https://i.ibb.co/27BDDry4/X-1355-ELB-FIRE-BLUE-FRONT.jpg,,,,,,,,X-1355.ELB_FIRE-BLUE_36,,,,,,,,,,,,,,,,,,,,,BLUE
,vamas-signature-v-neck-brocade-blouse,,,,,,,,X-1355.ELB_FIRE-BLUE_38,8.91E+12,,FIRE-BLUE,,,38,,,,,1499,1499,1499,FALSE,,,,,,Shopify,10,deny,150,g,TRUE,manual,https://i.ibb.co/CK288xN0/X-1355-ELB-FIRE-BLUE-FULL.jpg,4,,https://i.ibb.co/27BDDry4/X-1355-ELB-FIRE-BLUE-FRONT.jpg,,,,,,,,X-1355.ELB_FIRE-BLUE_38,,,,,,,,,,,,,,,,,,,,,BLUE
,vamas-signature-v-neck-brocade-blouse,,,,,,,,X-1355.ELB_FIRE-BLUE_40,8.91E+12,,FIRE-BLUE,,,40,,,,,1499,1499,1499,FALSE,,,,,,Shopify,10,deny,150,g,TRUE,manual,https://i.ibb.co/3YPVMqkD/X-1355-ELB-FIRE-BLUE-ZOOM.jpg,5,,https://i.ibb.co/27BDDry4/X-1355-ELB-FIRE-BLUE-FRONT.jpg,,,,,,,,X-1355.ELB_FIRE-BLUE_40,,,,,,,,,,,,,,,,,,,,,BLUE
,vamas-signature-v-neck-brocade-blouse,,,,,,,,X-1355.ELB_FIRE-BLUE_42,8.91E+12,,FIRE-BLUE,,,42,,,,,1499,1499,1499,FALSE,,,,,,Shopify,10,deny,150,g,TRUE,manual,,,,https://i.ibb.co/27BDDry4/X-1355-ELB-FIRE-BLUE-FRONT.jpg,,,,,,,,X-1355.ELB_FIRE-BLUE_42,,,,,,,,,,,,,,,,,,,,,BLUE
,vamas-signature-v-neck-brocade-blouse,,,,,,,,X-1355.ELB_FIRE-BLUE_44,8.91E+12,,FIRE-BLUE,,,44,,,,,1799,1799,1799,TRUE,,,,,,Shopify,10,deny,150,g,TRUE,manual,,,,https://i.ibb.co/27BDDry4/X-1355-ELB-FIRE-BLUE-FRONT.jpg,,,,,,,,X-1355.ELB_FIRE-BLUE_44,,,,,,,,,,,,,,,,,,,,,BLUE
Vamas Bandhani Brocade Elbow Sleeves Blouse,vamas-bandhani-brocade-elbow-sleeves-blouse,Vamas Bandhani Brocade Elbow Sleeves Blouse,VAMAS,Apparel & Accessories > Clothing > Blouses,Blouse,"back-open,brocade,padded-blouse,brocade-bohemia,new_blouses,elbow-sleeves,v-neck",TRUE,active,X-1356.ELB_PINK_32,8.91E+12,COLOR,PINK,,SIZE,32,,,,,1699,1699,1699,FALSE,,,,,,Shopify,10,deny,150,g,TRUE,manual,https://i.ibb.co/pj3rj5nn/X-1356-ELB-PINK-FRONT.jpg,1,,https://i.ibb.co/pj3rj5nn/X-1356-ELB-PINK-FRONT.jpg,FALSE,Vamas Bandhani Brocade Elbow Sleeves Blouse | Vamas,Vamas Bandhani Brocade Elbow Sleeves Blouse,,Apparel & Accessories > Clothing > Shirts & Tops,Female,Adult,X-1356.ELB_PINK_32,,"back-open,v-neck,brocade,padded-blouse,elbow-sleeves,brocade-bohemia,new_blouses",,,,,,,,X-1356.ELB,BROCADE,NA,Readymade Padded Blouse,V NECK,ELBOW SLEEVES,Soft Butter Inner Lining,Back Open,Soft Butter Inner Lining,Handcrafted in India,padded_blouse,PINK
,vamas-bandhani-brocade-elbow-sleeves-blouse,,,,,,,,X-1356.ELB_PINK_34,8.91E+12,,PINK,,,34,,,,,1699,1699,1699,FALSE,,,,,,Shopify,10,deny,150,g,TRUE,manual,https://i.ibb.co/pjsSX1V5/X-1356-ELB-PINK-BACK.jpg,2,,https://i.ibb.co/pj3rj5nn/X-1356-ELB-PINK-FRONT.jpg,,,,,,,,X-1356.ELB_PINK_34,,,,,,,,,,,,,,,,,,,,,PINK
,vamas-bandhani-brocade-elbow-sleeves-blouse,,,,,,,,X-1356.ELB_PINK_36,8.91E+12,,PINK,,,36,,,,,1699,1699,1699,FALSE,,,,,,Shopify,10,deny,150,g,TRUE,manual,https://i.ibb.co/Rp1MTQWR/X-1356-ELB-PINK-SIDE.jpg,3,,https://i.ibb.co/pj3rj5nn/X-1356-ELB-PINK-FRONT.jpg,,,,,,,,X-1356.ELB_PINK_36,,,,,,,,,,,,,,,,,,,,,PINK
,vamas-bandhani-brocade-elbow-sleeves-blouse,,,,,,,,X-1356.ELB_PINK_38,8.91E+12,,PINK,,,38,,,,,1699,1699,1699,FALSE,,,,,,Shopify,10,deny,150,g,TRUE,manual,https://i.ibb.co/SD8sDt0Z/X-1356-ELB-PINK-FULL.jpg,4,,https://i.ibb.co/pj3rj5nn/X-1356-ELB-PINK-FRONT.jpg,,,,,,,,X-1356.ELB_PINK_38,,,,,,,,,,,,,,,,,,,,,PINK
,vamas-bandhani-brocade-elbow-sleeves-blouse,,,,,,,,X-1356.ELB_PINK_40,8.91E+12,,PINK,,,40,,,,,1699,1699,1699,FALSE,,,,,,Shopify,10,deny,150,g,TRUE,manual,https://i.ibb.co/LdK9NsRm/X-1356-ELB-PINK-ZOOM.jpg,5,,https://i.ibb.co/pj3rj5nn/X-1356-ELB-PINK-FRONT.jpg,,,,,,,,X-1356.ELB_PINK_40,,,,,,,,,,,,,,,,,,,,,PINK
,vamas-bandhani-brocade-elbow-sleeves-blouse,,,,,,,,X-1356.ELB_PINK_42,8.91E+12,,PINK,,,42,,,,,1699,1699,1699,FALSE,,,,,,Shopify,10,deny,150,g,TRUE,manual,,,,https://i.ibb.co/pj3rj5nn/X-1356-ELB-PINK-FRONT.jpg,,,,,,,,X-1356.ELB_PINK_42,,,,,,,,,,,,,,,,,,,,,PINK
,vamas-bandhani-brocade-elbow-sleeves-blouse,,,,,,,,X-1356.ELB_PINK_44,8.91E+12,,PINK,,,44,,,,,2039,2039,2039,TRUE,,,,,,Shopify,10,deny,150,g,TRUE,manual,,,,https://i.ibb.co/pj3rj5nn/X-1356-ELB-PINK-FRONT.jpg,,,,,,,,X-1356.ELB_PINK_44,,,,,,,,,,,,,,,,,,,,,PINK
,vamas-bandhani-brocade-elbow-sleeves-blouse,,,,,,,,X-1356.ELB_PINK_46,8.91E+12,,PINK,,,46,,,,,2039,2039,2039,TRUE,,,,,,Shopify,10,deny,150,g,TRUE,manual,,,,https://i.ibb.co/pj3rj5nn/X-1356-ELB-PINK-FRONT.jpg,,,,,,,,X-1356.ELB_PINK_46,,,,,,,,,,,,,,,,,,,,,PINK
Vamas Kinkhab Brocade Front Open Blouse,vamas-kinkhab-brocade-front-open-blouse,Vamas Kinkhab Brocade Front Open Blouse,VAMAS,Apparel & Accessories > Clothing > Blouses,Blouse,"back-open,brocade,padded-blouse,brocade-bohemia,new_blouses,elbow-sleeves,paan-neck",TRUE,active,X-1358.ELB_NAVY-BLUE_32,8.91E+12,COLOR,NAVY-BLUE,,SIZE,32,,,,,1899,1899,1899,FALSE,,,,,,Shopify,10,deny,150,g,TRUE,manual,https://i.ibb.co/RGnKsXRL/X-1358-ELB-NAVY-BLUE-FRONT.jpg,1,,https://i.ibb.co/RGnKsXRL/X-1358-ELB-NAVY-BLUE-FRONT.jpg,FALSE,Vamas Kinkhab Brocade Front Open Blouse | Vamas,Vamas Kinkhab Brocade Front Open Blouse,,Apparel & Accessories > Clothing > Shirts & Tops,Female,Adult,X-1358.ELB_NAVY-BLUE_32,,"back-open,paan-neck,brocade,padded-blouse,elbow-sleeves,brocade-bohemia,new_blouses",,,,,,,,X-1358.ELB,BROCADE,NA,Readymade Padded Blouse,PAAN NECK,ELBOW SLEEVES,Soft Butter Inner Lining,Back Open,Soft Butter Inner Lining,Handcrafted in India,padded_blouse,NAVY-BLUE
,vamas-kinkhab-brocade-front-open-blouse,,,,,,,,X-1358.ELB_NAVY-BLUE_34,8.91E+12,,NAVY-BLUE,,,34,,,,,1899,1899,1899,FALSE,,,,,,Shopify,10,deny,150,g,TRUE,manual,https://i.ibb.co/YFTgh1D1/X-1358-ELB-NAVY-BLUE-BACK.jpg,2,,https://i.ibb.co/RGnKsXRL/X-1358-ELB-NAVY-BLUE-FRONT.jpg,,,,,,,,X-1358.ELB_NAVY-BLUE_34,,,,,,,,,,,,,,,,,,,,,NAVY-BLUE
,vamas-kinkhab-brocade-front-open-blouse,,,,,,,,X-1358.ELB_NAVY-BLUE_36,8.91E+12,,NAVY-BLUE,,,36,,,,,1899,1899,1899,FALSE,,,,,,Shopify,10,deny,150,g,TRUE,manual,https://i.ibb.co/VYcCMgKk/X-1358-ELB-NAVY-BLUE-SIDE.jpg,3,,https://i.ibb.co/RGnKsXRL/X-1358-ELB-NAVY-BLUE-FRONT.jpg,,,,,,,,X-1358.ELB_NAVY-BLUE_36,,,,,,,,,,,,,,,,,,,,,NAVY-BLUE
,vamas-kinkhab-brocade-front-open-blouse,,,,,,,,X-1358.ELB_NAVY-BLUE_38,8.91E+12,,NAVY-BLUE,,,38,,,,,1899,1899,1899,FALSE,,,,,,Shopify,10,deny,150,g,TRUE,manual,https://i.ibb.co/YTLzZJvf/X-1358-ELB-NAVY-BLUE-FULL.jpg,4,,https://i.ibb.co/RGnKsXRL/X-1358-ELB-NAVY-BLUE-FRONT.jpg,,,,,,,,X-1358.ELB_NAVY-BLUE_38,,,,,,,,,,,,,,,,,,,,,NAVY-BLUE
,vamas-kinkhab-brocade-front-open-blouse,,,,,,,,X-1358.ELB_NAVY-BLUE_40,8.91E+12,,NAVY-BLUE,,,40,,,,,1899,1899,1899,FALSE,,,,,,Shopify,10,deny,150,g,TRUE,manual,https://i.ibb.co/J8pdjgk/X-1358-ELB-NAVY-BLUE-ZOOM.jpg,5,,https://i.ibb.co/RGnKsXRL/X-1358-ELB-NAVY-BLUE-FRONT.jpg,,,,,,,,X-1358.ELB_NAVY-BLUE_40,,,,,,,,,,,,,,,,,,,,,NAVY-BLUE
,vamas-kinkhab-brocade-front-open-blouse,,,,,,,,X-1358.ELB_NAVY-BLUE_42,8.91E+12,,NAVY-BLUE,,,42,,,,,1899,1899,1899,FALSE,,,,,,Shopify,10,deny,150,g,TRUE,manual,,,,https://i.ibb.co/RGnKsXRL/X-1358-ELB-NAVY-BLUE-FRONT.jpg,,,,,,,,X-1358.ELB_NAVY-BLUE_42,,,,,,,,,,,,,,,,,,,,,NAVY-BLUE
Vamas Satin Stone Work Blacl Partywear Blouse,vamas-satin-stone-work-blacl-partywear-blouse,Vamas Satin Stone Work Blacl Partywear Blouse,VAMAS,Apparel & Accessories > Clothing > Blouses,Blouse,"front-open,satin,padded-blouse,party-wear,new_blouses,elbow-sleeves,paan-neck",TRUE,active,B-330.NS_BLACK_32,8.91E+12,COLOR,BLACK,,SIZE,32,,,,,1999,1999,1999,FALSE,,,,,,Shopify,10,deny,150,g,TRUE,manual,https://i.ibb.co/fzNkyzwG/B-330-NS-BLACK-FRONT.jpg,1,,https://i.ibb.co/fzNkyzwG/B-330-NS-BLACK-FRONT.jpg,FALSE,Vamas Satin Stone Work Blacl Partywear Blouse | Vamas,Vamas Satin Stone Work Blacl Partywear Blouse,,Apparel & Accessories > Clothing > Shirts & Tops,Female,Adult,B-330.NS_BLACK_32,,"front-open,paan-neck,satin,padded-blouse,elbow-sleeves,party-wear,new_blouses",,,,,,,,B-330.NS,SATIN,STONE WORK,Readymade Padded Blouse,PAAN NECK,ELBOW SLEEVES,Soft Butter Inner Lining,Front Open,Soft Butter Inner Lining,Handcrafted in India,padded_blouse,BLACK
,vamas-satin-stone-work-blacl-partywear-blouse,,,,,,,,B-330.NS_BLACK_34,8.91E+12,,BLACK,,,34,,,,,1999,1999,1999,FALSE,,,,,,Shopify,10,deny,150,g,TRUE,manual,https://i.ibb.co/kg5FjjGp/B-330-NS-BLACK-BACK.jpg,2,,https://i.ibb.co/fzNkyzwG/B-330-NS-BLACK-FRONT.jpg,,,,,,,,B-330.NS_BLACK_34,,,,,,,,,,,,,,,,,,,,,BLACK
,vamas-satin-stone-work-blacl-partywear-blouse,,,,,,,,B-330.NS_BLACK_36,8.91E+12,,BLACK,,,36,,,,,1999,1999,1999,FALSE,,,,,,Shopify,10,deny,150,g,TRUE,manual,https://i.ibb.co/Y7gHPQ0z/B-330-NS-BLACK-SIDE.jpg,3,,https://i.ibb.co/fzNkyzwG/B-330-NS-BLACK-FRONT.jpg,,,,,,,,B-330.NS_BLACK_36,,,,,,,,,,,,,,,,,,,,,BLACK
,vamas-satin-stone-work-blacl-partywear-blouse,,,,,,,,B-330.NS_BLACK_38,8.91E+12,,BLACK,,,38,,,,,1999,1999,1999,FALSE,,,,,,Shopify,10,deny,150,g,TRUE,manual,https://i.ibb.co/TMDD0tmn/B-330-NS-BLACK-FULL.jpg,4,,https://i.ibb.co/fzNkyzwG/B-330-NS-BLACK-FRONT.jpg,,,,,,,,B-330.NS_BLACK_38,,,,,,,,,,,,,,,,,,,,,BLACK
,vamas-satin-stone-work-blacl-partywear-blouse,,,,,,,,B-330.NS_BLACK_40,8.91E+12,,BLACK,,,40,,,,,1999,1999,1999,FALSE,,,,,,Shopify,10,deny,150,g,TRUE,manual,https://i.ibb.co/Kz9JhRds/B-330-NS-BLACK-ZOOM.jpg,5,,https://i.ibb.co/fzNkyzwG/B-330-NS-BLACK-FRONT.jpg,,,,,,,,B-330.NS_BLACK_40,,,,,,,,,,,,,,,,,,,,,BLACK
,vamas-satin-stone-work-blacl-partywear-blouse,,,,,,,,B-330.NS_BLACK_42,8.91E+12,,BLACK,,,42,,,,,1999,1999,1999,FALSE,,,,,,Shopify,10,deny,150,g,TRUE,manual,,,,https://i.ibb.co/fzNkyzwG/B-330-NS-BLACK-FRONT.jpg,,,,,,,,B-330.NS_BLACK_42,,,,,,,,,,,,,,,,,,,,,BLACK
Vamas Brigerton Inspired Brocade Collar Blouse,vamas-brigerton-inspired-brocade-collar-blouse,Vamas Brigerton Inspired Brocade Collar Blouse,VAMAS,Apparel & Accessories > Clothing > Blouses,Blouse,"back-open,brocade,padded-blouse,brocade-bohemia,new_blouses,sleeveless,halter-neck",TRUE,active,B-354.ELB_LILAC_32,8.91E+12,COLOR,LILAC,,SIZE,32,,,,,2624,2624,2624,FALSE,,,,,,Shopify,10,deny,150,g,TRUE,manual,https://i.ibb.co/H5PLGZy/B-354-ELB-LILAC-FRONT.jpg,1,,https://i.ibb.co/H5PLGZy/B-354-ELB-LILAC-FRONT.jpg,FALSE,Vamas Brigerton Inspired Brocade Collar Blouse | Vamas,Vamas Brigerton Inspired Brocade Collar Blouse,,Apparel & Accessories > Clothing > Shirts & Tops,Female,Adult,B-354.ELB_LILAC_32,,"back-open,halter-neck,brocade,padded-blouse,sleeveless,brocade-bohemia,new_blouses",,,,,,,,B-354.ELB,BROCADE,NA,Readymade Padded Blouse,HALTER NECK,SLEEVELESS,Soft Butter Inner Lining,Back Open,Soft Butter Inner Lining,Handcrafted in India,padded_blouse,PURPLE
,vamas-brigerton-inspired-brocade-collar-blouse,,,,,,,,B-354.ELB_LILAC_34,8.91E+12,,LILAC,,,34,,,,,2624,2624,2624,FALSE,,,,,,Shopify,10,deny,150,g,TRUE,manual,https://i.ibb.co/j9jpwgxK/B-354-ELB-LILAC-BACK.jpg,2,,https://i.ibb.co/H5PLGZy/B-354-ELB-LILAC-FRONT.jpg,,,,,,,,B-354.ELB_LILAC_34,,,,,,,,,,,,,,,,,,,,,PURPLE
,vamas-brigerton-inspired-brocade-collar-blouse,,,,,,,,B-354.ELB_LILAC_36,8.91E+12,,LILAC,,,36,,,,,2624,2624,2624,FALSE,,,,,,Shopify,10,deny,150,g,TRUE,manual,https://i.ibb.co/LDp2Ymh1/B-354-ELB-LILAC-SIDE.jpg,3,,https://i.ibb.co/H5PLGZy/B-354-ELB-LILAC-FRONT.jpg,,,,,,,,B-354.ELB_LILAC_36,,,,,,,,,,,,,,,,,,,,,PURPLE
,vamas-brigerton-inspired-brocade-collar-blouse,,,,,,,,B-354.ELB_LILAC_38,8.91E+12,,LILAC,,,38,,,,,2624,2624,2624,FALSE,,,,,,Shopify,10,deny,150,g,TRUE,manual,https://i.ibb.co/twpPfqmG/B-354-ELB-LILAC-FULL.jpg,4,,https://i.ibb.co/H5PLGZy/B-354-ELB-LILAC-FRONT.jpg,,,,,,,,B-354.ELB_LILAC_38,,,,,,,,,,,,,,,,,,,,,PURPLE
,vamas-brigerton-inspired-brocade-collar-blouse,,,,,,,,B-354.ELB_LILAC_40,8.91E+12,,LILAC,,,40,,,,,2624,2624,2624,FALSE,,,,,,Shopify,10,deny,150,g,TRUE,manual,https://i.ibb.co/dw0h1cj2/B-354-ELB-LILAC-ZOOM.jpg,5,,https://i.ibb.co/H5PLGZy/B-354-ELB-LILAC-FRONT.jpg,,,,,,,,B-354.ELB_LILAC_40,,,,,,,,,,,,,,,,,,,,,PURPLE
,vamas-brigerton-inspired-brocade-collar-blouse,,,,,,,,B-354.ELB_LILAC_42,8.91E+12,,LILAC,,,42,,,,,2624,2624,2624,FALSE,,,,,,Shopify,10,deny,150,g,TRUE,manual,,,,https://i.ibb.co/H5PLGZy/B-354-ELB-LILAC-FRONT.jpg,,,,,,,,B-354.ELB_LILAC_42,,,,,,,,,,,,,,,,,,,,,PURPLE
Vamas Checkered Gold Embroidery Designer Cut Paan Neck Blouse,vamas-checkered-gold-embroidery-designer-cut-paan-neck-blouse,Vamas Checkered Gold Embroidery Designer Cut Paan Neck Blouse,VAMAS,Apparel & Accessories > Clothing > Blouses,Blouse,"front-open,embroidery,padded-blouse,the-kanjivaram-companion,occasion-wear,new_blouses,elbow-sleeves,v-neck",TRUE,active,B-362.ELB_BOTTLE-GREEN_32,8.91E+12,COLOR,BOTTLE-GREEN,,SIZE,32,,,,,3999,3999,3999,FALSE,,,,,,Shopify,10,deny,150,g,TRUE,manual,https://i.ibb.co/dsY9vXht/B-362-ELB-BOTTLE-GREEN-FRONT.jpg,1,,https://i.ibb.co/dsY9vXht/B-362-ELB-BOTTLE-GREEN-FRONT.jpg,FALSE,Vamas Checkered Gold Embroidery Designer Cut Paan Neck Blouse | Vamas,Vamas Checkered Gold Embroidery Designer Cut Paan Neck Blouse,,Apparel & Accessories > Clothing > Shirts & Tops,Female,Adult,B-362.ELB_BOTTLE-GREEN_32,,"front-open,v-neck,embroidery,padded-blouse,elbow-sleeves,the-kanjivaram-companion,occasion-wear,new_blouses",,,,,,,,B-362.ELB,TISSUE,ZARI WORK,Readymade Padded Blouse,V NECK,ELBOW SLEEVES,Soft Butter Inner Lining,Front Open,Soft Butter Inner Lining,Handcrafted in India,padded_blouse,BOTTLE-GREEN
,vamas-checkered-gold-embroidery-designer-cut-paan-neck-blouse,,,,,,,,B-362.ELB_BOTTLE-GREEN_34,8.91E+12,,BOTTLE-GREEN,,,34,,,,,3999,3999,3999,FALSE,,,,,,Shopify,10,deny,150,g,TRUE,manual,https://i.ibb.co/391hLPDx/B-362-ELB-BOTTLE-GREEN-BACK.jpg,2,,https://i.ibb.co/dsY9vXht/B-362-ELB-BOTTLE-GREEN-FRONT.jpg,,,,,,,,B-362.ELB_BOTTLE-GREEN_34,,,,,,,,,,,,,,,,,,,,,BOTTLE-GREEN
,vamas-checkered-gold-embroidery-designer-cut-paan-neck-blouse,,,,,,,,B-362.ELB_BOTTLE-GREEN_36,8.91E+12,,BOTTLE-GREEN,,,36,,,,,3999,3999,3999,FALSE,,,,,,Shopify,10,deny,150,g,TRUE,manual,https://i.ibb.co/5XzPzJDH/B-362-ELB-BOTTLE-GREEN-SIDE.jpg,3,,https://i.ibb.co/dsY9vXht/B-362-ELB-BOTTLE-GREEN-FRONT.jpg,,,,,,,,B-362.ELB_BOTTLE-GREEN_36,,,,,,,,,,,,,,,,,,,,,BOTTLE-GREEN
,vamas-checkered-gold-embroidery-designer-cut-paan-neck-blouse,,,,,,,,B-362.ELB_BOTTLE-GREEN_38,8.91E+12,,BOTTLE-GREEN,,,38,,,,,3999,3999,3999,FALSE,,,,,,Shopify,10,deny,150,g,TRUE,manual,https://i.ibb.co/gL25bsZ2/B-362-ELB-BOTTLE-GREEN-FULL.jpg,4,,https://i.ibb.co/dsY9vXht/B-362-ELB-BOTTLE-GREEN-FRONT.jpg,,,,,,,,B-362.ELB_BOTTLE-GREEN_38,,,,,,,,,,,,,,,,,,,,,BOTTLE-GREEN
,vamas-checkered-gold-embroidery-designer-cut-paan-neck-blouse,,,,,,,,B-362.ELB_BOTTLE-GREEN_40,8.91E+12,,BOTTLE-GREEN,,,40,,,,,3999,3999,3999,FALSE,,,,,,Shopify,10,deny,150,g,TRUE,manual,https://i.ibb.co/dsDYJQT8/B-362-ELB-BOTTLE-GREEN-ZOOM.jpg,5,,https://i.ibb.co/dsY9vXht/B-362-ELB-BOTTLE-GREEN-FRONT.jpg,,,,,,,,B-362.ELB_BOTTLE-GREEN_40,,,,,,,,,,,,,,,,,,,,,BOTTLE-GREEN
,vamas-checkered-gold-embroidery-designer-cut-paan-neck-blouse,,,,,,,,B-362.ELB_BOTTLE-GREEN_42,8.91E+12,,BOTTLE-GREEN,,,42,,,,,3999,3999,3999,FALSE,,,,,,Shopify,10,deny,150,g,TRUE,manual,,,,https://i.ibb.co/dsY9vXht/B-362-ELB-BOTTLE-GREEN-FRONT.jpg,,,,,,,,B-362.ELB_BOTTLE-GREEN_42,,,,,,,,,,,,,,,,,,,,,BOTTLE-GREEN
,vamas-checkered-gold-embroidery-designer-cut-paan-neck-blouse,,,,,,,,B-362.ELB_TOMATO-PINK_32,8.91E+12,,TOMATO-PINK,,,32,,,,,3999,3999,3999,FALSE,,,,,,Shopify,10,deny,150,g,TRUE,manual,https://i.ibb.co/W4GyDD8S/B-362-ELB-TOMATO-PINK-FRONT.jpg,6,,https://i.ibb.co/W4GyDD8S/B-362-ELB-TOMATO-PINK-FRONT.jpg,FALSE,,,,,,,B-362.ELB_TOMATO-PINK_32,,,,,,,,,,,,,,,,,,,,,TOMATO-PINK
,vamas-checkered-gold-embroidery-designer-cut-paan-neck-blouse,,,,,,,,B-362.ELB_TOMATO-PINK_34,8.91E+12,,TOMATO-PINK,,,34,,,,,3999,3999,3999,FALSE,,,,,,Shopify,10,deny,150,g,TRUE,manual,https://i.ibb.co/ccY8QDpn/B-362-ELB-TOMATO-PINK-BACK.jpg,7,,https://i.ibb.co/W4GyDD8S/B-362-ELB-TOMATO-PINK-FRONT.jpg,,,,,,,,B-362.ELB_TOMATO-PINK_34,,,,,,,,,,,,,,,,,,,,,TOMATO-PINK
,vamas-checkered-gold-embroidery-designer-cut-paan-neck-blouse,,,,,,,,B-362.ELB_TOMATO-PINK_36,8.91E+12,,TOMATO-PINK,,,36,,,,,3999,3999,3999,FALSE,,,,,,Shopify,10,deny,150,g,TRUE,manual,https://i.ibb.co/sdXvLRRS/B-362-ELB-TOMATO-PINK-SIDE.jpg,8,,https://i.ibb.co/W4GyDD8S/B-362-ELB-TOMATO-PINK-FRONT.jpg,,,,,,,,B-362.ELB_TOMATO-PINK_36,,,,,,,,,,,,,,,,,,,,,TOMATO-PINK
,vamas-checkered-gold-embroidery-designer-cut-paan-neck-blouse,,,,,,,,B-362.ELB_TOMATO-PINK_38,8.91E+12,,TOMATO-PINK,,,38,,,,,3999,3999,3999,FALSE,,,,,,Shopify,10,deny,150,g,TRUE,manual,https://i.ibb.co/vxbFCgwn/B-362-ELB-TOMATO-PINK-FULL.jpg,9,,https://i.ibb.co/W4GyDD8S/B-362-ELB-TOMATO-PINK-FRONT.jpg,,,,,,,,B-362.ELB_TOMATO-PINK_38,,,,,,,,,,,,,,,,,,,,,TOMATO-PINK
,vamas-checkered-gold-embroidery-designer-cut-paan-neck-blouse,,,,,,,,B-362.ELB_TOMATO-PINK_40,8.91E+12,,TOMATO-PINK,,,40,,,,,3999,3999,3999,FALSE,,,,,,Shopify,10,deny,150,g,TRUE,manual,https://i.ibb.co/MyfF9RG6/B-362-ELB-TOMATO-PINK-ZOOM.jpg,10,,https://i.ibb.co/W4GyDD8S/B-362-ELB-TOMATO-PINK-FRONT.jpg,,,,,,,,B-362.ELB_TOMATO-PINK_40,,,,,,,,,,,,,,,,,,,,,TOMATO-PINK
,vamas-checkered-gold-embroidery-designer-cut-paan-neck-blouse,,,,,,,,B-362.ELB_TOMATO-PINK_42,8.91E+12,,TOMATO-PINK,,,42,,,,,3999,3999,3999,FALSE,,,,,,Shopify,10,deny,150,g,TRUE,manual,,,,https://i.ibb.co/W4GyDD8S/B-362-ELB-TOMATO-PINK-FRONT.jpg,,,,,,,,B-362.ELB_TOMATO-PINK_42,,,,,,,,,,,,,,,,,,,,,TOMATO-PINK
Sequence Waves Embroidery Partywear Blouse,sequence-waves-embroidery-partywear-blouse,Sequence Waves Embroidery Partywear Blouse,VAMAS,Apparel & Accessories > Clothing > Blouses,Blouse,"back-open,sequence,padded-blouse,party-wear,new_blouses,elbow-sleeves,paan-neck",TRUE,active,B-337.ELB_BLACK_32,8.91E+12,COLOR,BLACK,,SIZE,32,,,,,2250,2250,2250,FALSE,,,,,,Shopify,10,deny,150,g,TRUE,manual,https://i.ibb.co/x8dfHKJT/B-337-ELB-BLACK-FRONT.jpg,1,,https://i.ibb.co/x8dfHKJT/B-337-ELB-BLACK-FRONT.jpg,FALSE,Sequence Waves Embroidery Partywear Blouse | Vamas,Sequence Waves Embroidery Partywear Blouse,,Apparel & Accessories > Clothing > Shirts & Tops,Female,Adult,B-337.ELB_BLACK_32,,"back-open,paan-neck,sequence,padded-blouse,elbow-sleeves,party-wear,new_blouses",,,,,,,,B-337.ELB,GEORGETTE,SEQUENCE,Readymade Padded Blouse,PAAN NECK,ELBOW SLEEVES,Soft Butter Inner Lining,Back Open,Soft Butter Inner Lining,Handcrafted in India,padded_blouse,BLACK
,sequence-waves-embroidery-partywear-blouse,,,,,,,,B-337.ELB_BLACK_34,8.91E+12,,BLACK,,,34,,,,,2250,2250,2250,FALSE,,,,,,Shopify,10,deny,150,g,TRUE,manual,https://i.ibb.co/tMj3YyMH/B-337-ELB-BLACK-BACK.jpg,2,,https://i.ibb.co/x8dfHKJT/B-337-ELB-BLACK-FRONT.jpg,,,,,,,,B-337.ELB_BLACK_34,,,,,,,,,,,,,,,,,,,,,BLACK
,sequence-waves-embroidery-partywear-blouse,,,,,,,,B-337.ELB_BLACK_36,8.91E+12,,BLACK,,,36,,,,,2250,2250,2250,FALSE,,,,,,Shopify,10,deny,150,g,TRUE,manual,https://i.ibb.co/XfH6bSxY/B-337-ELB-BLACK-SIDE.jpg,3,,https://i.ibb.co/x8dfHKJT/B-337-ELB-BLACK-FRONT.jpg,,,,,,,,B-337.ELB_BLACK_36,,,,,,,,,,,,,,,,,,,,,BLACK
,sequence-waves-embroidery-partywear-blouse,,,,,,,,B-337.ELB_BLACK_38,8.91E+12,,BLACK,,,38,,,,,2250,2250,2250,FALSE,,,,,,Shopify,10,deny,150,g,TRUE,manual,https://i.ibb.co/4RcBXqkk/B-337-ELB-BLACK-FULL.jpg,4,,https://i.ibb.co/x8dfHKJT/B-337-ELB-BLACK-FRONT.jpg,,,,,,,,B-337.ELB_BLACK_38,,,,,,,,,,,,,,,,,,,,,BLACK
,sequence-waves-embroidery-partywear-blouse,,,,,,,,B-337.ELB_BLACK_40,8.91E+12,,BLACK,,,40,,,,,2250,2250,2250,FALSE,,,,,,Shopify,10,deny,150,g,TRUE,manual,https://i.ibb.co/tP1rdD3k/B-337-ELB-BLACK-ZOOM.jpg,5,,https://i.ibb.co/x8dfHKJT/B-337-ELB-BLACK-FRONT.jpg,,,,,,,,B-337.ELB_BLACK_40,,,,,,,,,,,,,,,,,,,,,BLACK
,sequence-waves-embroidery-partywear-blouse,,,,,,,,B-337.ELB_BLACK_42,8.91E+12,,BLACK,,,42,,,,,2250,2250,2250,FALSE,,,,,,Shopify,10,deny,150,g,TRUE,manual,,,,https://i.ibb.co/x8dfHKJT/B-337-ELB-BLACK-FRONT.jpg,,,,,,,,B-337.ELB_BLACK_42,,,,,,,,,,,,,,,,,,,,,BLACK
,sequence-waves-embroidery-partywear-blouse,,,,,,,,B-337.ELB_BLACK_44,8.91E+12,,BLACK,,,44,,,,,2699,2699,2699,TRUE,,,,,,Shopify,10,deny,150,g,TRUE,manual,,,,https://i.ibb.co/x8dfHKJT/B-337-ELB-BLACK-FRONT.jpg,,,,,,,,B-337.ELB_BLACK_44,,,,,,,,,,,,,,,,,,,,,BLACK
Kashmiri Work Yoke Sleeveless Blouse,kashmiri-work-yoke-sleeveless-blouse,Kashmiri Work Yoke Sleeveless Blouse,VAMAS,Apparel & Accessories > Clothing > Blouses,Blouse,"back-open,kashmiri-work,padded-blouse,kashmiri-work,new_blouses,elbow-sleeves,square-neck",TRUE,active,B-343.NS_BLACK_32,8.91E+12,COLOR,BLACK,,SIZE,32,,,,,3499,3499,3499,FALSE,,,,,,Shopify,10,deny,150,g,TRUE,manual,https://i.ibb.co/hRpdqJsM/B-343-NS-BLACK-FRONT.jpg,1,,https://i.ibb.co/hRpdqJsM/B-343-NS-BLACK-FRONT.jpg,FALSE,Kashmiri Work Yoke Sleeveless Blouse | Vamas,Kashmiri Work Yoke Sleeveless Blouse,,Apparel & Accessories > Clothing > Shirts & Tops,Female,Adult,B-343.NS_BLACK_32,,"back-open,square-neck,kashmiri-work,padded-blouse,elbow-sleeves,kashmiri-work,new_blouses",,,,,,,,B-343.NS,GEORGETTE,KASHMIRI WORK,Readymade Padded Blouse,SQUARE NECK,ELBOW SLEEVES,Soft Butter Inner Lining,Back Open,Soft Butter Inner Lining,Handcrafted in India,padded_blouse,BLACK
,kashmiri-work-yoke-sleeveless-blouse,,,,,,,,B-343.NS_BLACK_34,8.91E+12,,BLACK,,,34,,,,,3499,3499,3499,FALSE,,,,,,Shopify,10,deny,150,g,TRUE,manual,https://i.ibb.co/TDvNbq1G/B-343-NS-BLACK-BACK.jpg,2,,https://i.ibb.co/hRpdqJsM/B-343-NS-BLACK-FRONT.jpg,,,,,,,,B-343.NS_BLACK_34,,,,,,,,,,,,,,,,,,,,,BLACK
,kashmiri-work-yoke-sleeveless-blouse,,,,,,,,B-343.NS_BLACK_36,8.91E+12,,BLACK,,,36,,,,,3499,3499,3499,FALSE,,,,,,Shopify,10,deny,150,g,TRUE,manual,https://i.ibb.co/Mm67Pz3/B-343-NS-BLACK-SIDE.jpg,3,,https://i.ibb.co/hRpdqJsM/B-343-NS-BLACK-FRONT.jpg,,,,,,,,B-343.NS_BLACK_36,,,,,,,,,,,,,,,,,,,,,BLACK
,kashmiri-work-yoke-sleeveless-blouse,,,,,,,,B-343.NS_BLACK_38,8.91E+12,,BLACK,,,38,,,,,3499,3499,3499,FALSE,,,,,,Shopify,10,deny,150,g,TRUE,manual,https://i.ibb.co/67Ys4JrJ/B-343-NS-BLACK-FULL.jpg,4,,https://i.ibb.co/hRpdqJsM/B-343-NS-BLACK-FRONT.jpg,,,,,,,,B-343.NS_BLACK_38,,,,,,,,,,,,,,,,,,,,,BLACK
,kashmiri-work-yoke-sleeveless-blouse,,,,,,,,B-343.NS_BLACK_40,8.91E+12,,BLACK,,,40,,,,,3499,3499,3499,FALSE,,,,,,Shopify,10,deny,150,g,TRUE,manual,https://i.ibb.co/k2LX6ZtD/B-343-NS-BLACK-ZOOM.jpg,5,,https://i.ibb.co/hRpdqJsM/B-343-NS-BLACK-FRONT.jpg,,,,,,,,B-343.NS_BLACK_40,,,,,,,,,,,,,,,,,,,,,BLACK
,kashmiri-work-yoke-sleeveless-blouse,,,,,,,,B-343.NS_BLACK_42,8.91E+12,,BLACK,,,42,,,,,3499,3499,3499,FALSE,,,,,,Shopify,10,deny,150,g,TRUE,manual,,,,https://i.ibb.co/hRpdqJsM/B-343-NS-BLACK-FRONT.jpg,,,,,,,,B-343.NS_BLACK_42,,,,,,,,,,,,,,,,,,,,,BLACK
,kashmiri-work-yoke-sleeveless-blouse,,,,,,,,B-343.NS_OFF-WHITE_32,8.91E+12,,OFF-WHITE,,,32,,,,,3499,3499,3499,FALSE,,,,,,Shopify,10,deny,150,g,TRUE,manual,https://i.ibb.co/9k7wC1HD/B-343-NS-OFF-WHITE-FRONT.jpg,6,,https://i.ibb.co/9k7wC1HD/B-343-NS-OFF-WHITE-FRONT.jpg,FALSE,,,,,,,B-343.NS_OFF-WHITE_32,,,,,,,,,,,,,,,,,,,,,OFF-WHITE
,kashmiri-work-yoke-sleeveless-blouse,,,,,,,,B-343.NS_OFF-WHITE_34,8.91E+12,,OFF-WHITE,,,34,,,,,3499,3499,3499,FALSE,,,,,,Shopify,10,deny,150,g,TRUE,manual,https://i.ibb.co/M5tcvpgs/B-343-NS-OFF-WHITE-BACK.jpg,7,,https://i.ibb.co/9k7wC1HD/B-343-NS-OFF-WHITE-FRONT.jpg,,,,,,,,B-343.NS_OFF-WHITE_34,,,,,,,,,,,,,,,,,,,,,OFF-WHITE
,kashmiri-work-yoke-sleeveless-blouse,,,,,,,,B-343.NS_OFF-WHITE_36,8.91E+12,,OFF-WHITE,,,36,,,,,3499,3499,3499,FALSE,,,,,,Shopify,10,deny,150,g,TRUE,manual,https://i.ibb.co/sd7tBMPk/B-343-NS-OFF-WHITE-SIDE.jpg,8,,https://i.ibb.co/9k7wC1HD/B-343-NS-OFF-WHITE-FRONT.jpg,,,,,,,,B-343.NS_OFF-WHITE_36,,,,,,,,,,,,,,,,,,,,,OFF-WHITE
,kashmiri-work-yoke-sleeveless-blouse,,,,,,,,B-343.NS_OFF-WHITE_38,8.91E+12,,OFF-WHITE,,,38,,,,,3499,3499,3499,FALSE,,,,,,Shopify,10,deny,150,g,TRUE,manual,https://i.ibb.co/fgnLCBt/B-343-NS-OFF-WHITE-FULL.jpg,9,,https://i.ibb.co/9k7wC1HD/B-343-NS-OFF-WHITE-FRONT.jpg,,,,,,,,B-343.NS_OFF-WHITE_38,,,,,,,,,,,,,,,,,,,,,OFF-WHITE
,kashmiri-work-yoke-sleeveless-blouse,,,,,,,,B-343.NS_OFF-WHITE_40,8.91E+12,,OFF-WHITE,,,40,,,,,3499,3499,3499,FALSE,,,,,,Shopify,10,deny,150,g,TRUE,manual,https://i.ibb.co/JjPrkhB6/B-343-NS-OFF-WHITE-ZOOM.jpg,10,,https://i.ibb.co/9k7wC1HD/B-343-NS-OFF-WHITE-FRONT.jpg,,,,,,,,B-343.NS_OFF-WHITE_40,,,,,,,,,,,,,,,,,,,,,OFF-WHITE
,kashmiri-work-yoke-sleeveless-blouse,,,,,,,,B-343.NS_OFF-WHITE_42,8.91E+12,,OFF-WHITE,,,42,,,,,3499,3499,3499,FALSE,,,,,,Shopify,10,deny,150,g,TRUE,manual,,,,https://i.ibb.co/9k7wC1HD/B-343-NS-OFF-WHITE-FRONT.jpg,,,,,,,,B-343.NS_OFF-WHITE_42,,,,,,,,,,,,,,,,,,,,,OFF-WHITE
Vamas Cocktail Wear Spegetti Blouse With Buckle Closure,vamas-cocktail-wear-spegetti-blouse-with-buckle-closure,Vamas Cocktail Wear Spegetti Blouse With Buckle Closure,VAMAS,Apparel & Accessories > Clothing > Blouses,Blouse,"back-open,sequence,padded-blouse,party-wear,one-of-a-kind-blouses,new_blouses,sleeveless,v-neck",TRUE,active,B-347.SP_GOLD_32,8.91E+12,COLOR,GOLD,,SIZE,32,,,,,1999,1999,1999,FALSE,,,,,,Shopify,10,deny,150,g,TRUE,manual,https://i.ibb.co/RfCRJC9/B-347-SP-GOLD-FRONT.jpg,1,,https://i.ibb.co/RfCRJC9/B-347-SP-GOLD-FRONT.jpg,FALSE,Vamas Cocktail Wear Spegetti Blouse With Buckle Closure | Vamas,Vamas Cocktail Wear Spegetti Blouse With Buckle Closure,,Apparel & Accessories > Clothing > Shirts & Tops,Female,Adult,B-347.SP_GOLD_32,,"back-open,v-neck,sequence,padded-blouse,sleeveless,party-wear,one-of-a-kind-blouses,new_blouses",,,,,,,,B-347.SP,NET,SEQUENCE,Readymade Padded Blouse,V NECK,SLEEVELESS,Soft Butter Inner Lining,Back Open,Soft Butter Inner Lining,Handcrafted in India,padded_blouse,GOLD
,vamas-cocktail-wear-spegetti-blouse-with-buckle-closure,,,,,,,,B-347.SP_GOLD_34,8.91E+12,,GOLD,,,34,,,,,1999,1999,1999,FALSE,,,,,,Shopify,10,deny,150,g,TRUE,manual,https://i.ibb.co/BVxJqgJz/B-347-SP-GOLD-BACK.jpg,2,,https://i.ibb.co/RfCRJC9/B-347-SP-GOLD-FRONT.jpg,,,,,,,,B-347.SP_GOLD_34,,,,,,,,,,,,,,,,,,,,,GOLD
,vamas-cocktail-wear-spegetti-blouse-with-buckle-closure,,,,,,,,B-347.SP_GOLD_36,8.91E+12,,GOLD,,,36,,,,,1999,1999,1999,FALSE,,,,,,Shopify,10,deny,150,g,TRUE,manual,https://i.ibb.co/9kWdSRRr/B-347-SP-GOLD-SIDE.jpg,3,,https://i.ibb.co/RfCRJC9/B-347-SP-GOLD-FRONT.jpg,,,,,,,,B-347.SP_GOLD_36,,,,,,,,,,,,,,,,,,,,,GOLD
,vamas-cocktail-wear-spegetti-blouse-with-buckle-closure,,,,,,,,B-347.SP_GOLD_38,8.91E+12,,GOLD,,,38,,,,,1999,1999,1999,FALSE,,,,,,Shopify,10,deny,150,g,TRUE,manual,https://i.ibb.co/Xk8rbNBR/B-347-SP-GOLD-FULL.jpg,4,,https://i.ibb.co/RfCRJC9/B-347-SP-GOLD-FRONT.jpg,,,,,,,,B-347.SP_GOLD_38,,,,,,,,,,,,,,,,,,,,,GOLD
,vamas-cocktail-wear-spegetti-blouse-with-buckle-closure,,,,,,,,B-347.SP_GOLD_40,8.91E+12,,GOLD,,,40,,,,,1999,1999,1999,FALSE,,,,,,Shopify,10,deny,150,g,TRUE,manual,https://i.ibb.co/9H4YSvj0/B-347-SP-GOLD-ZOOM.jpg,5,,https://i.ibb.co/RfCRJC9/B-347-SP-GOLD-FRONT.jpg,,,,,,,,B-347.SP_GOLD_40,,,,,,,,,,,,,,,,,,,,,GOLD
,vamas-cocktail-wear-spegetti-blouse-with-buckle-closure,,,,,,,,B-347.SP_GOLD_42,8.91E+12,,GOLD,,,42,,,,,1999,1999,1999,FALSE,,,,,,Shopify,10,deny,150,g,TRUE,manual,,,,https://i.ibb.co/RfCRJC9/B-347-SP-GOLD-FRONT.jpg,,,,,,,,B-347.SP_GOLD_42,,,,,,,,,,,,,,,,,,,,,GOLD
,vamas-cocktail-wear-spegetti-blouse-with-buckle-closure,,,,,,,,B-347.SP_GOLD_44,8.91E+12,,GOLD,,,44,,,,,2399,2399,2399,TRUE,,,,,,Shopify,10,deny,150,g,TRUE,manual,,,,https://i.ibb.co/RfCRJC9/B-347-SP-GOLD-FRONT.jpg,,,,,,,,B-347.SP_GOLD_44,,,,,,,,,,,,,,,,,,,,,GOLD
Vamas Brigerton Inspired Bow Full Slevess Blouse,vamas-brigerton-inspired-bow-full-slevess-blouse,Vamas Brigerton Inspired Bow Full Slevess Blouse,VAMAS,Apparel & Accessories > Clothing > Blouses,Blouse,"back-open,crush,padded-blouse,brigerton-inspired-series,one-of-a-kind-blouses,new_blouses,sleeveless,halter-neck",TRUE,active,B-352.FS_ONION-PINK_32,8.91E+12,COLOR,ONION-PINK,,SIZE,32,,,,,2624,2624,2624,FALSE,,,,,,Shopify,10,deny,150,g,TRUE,manual,https://i.ibb.co/j9PV0zvw/B-352-FS-ONION-PINK-FRONT.jpg,1,,https://i.ibb.co/j9PV0zvw/B-352-FS-ONION-PINK-FRONT.jpg,FALSE,Vamas Brigerton Inspired Bow Full Slevess Blouse | Vamas,Vamas Brigerton Inspired Bow Full Slevess Blouse,,Apparel & Accessories > Clothing > Shirts & Tops,Female,Adult,B-352.FS_ONION-PINK_32,,"back-open,halter-neck,crush,padded-blouse,sleeveless,brigerton-inspired-series,one-of-a-kind-blouses,new_blouses",,,,,,,,B-352.FS,TISSUE,NA,Readymade Padded Blouse,HALTER NECK,SLEEVELESS,Soft Butter Inner Lining,Back Open,Soft Butter Inner Lining,Handcrafted in India,padded_blouse,PINK
,vamas-brigerton-inspired-bow-full-slevess-blouse,,,,,,,,B-352.FS_ONION-PINK_34,8.91E+12,,ONION-PINK,,,34,,,,,2624,2624,2624,FALSE,,,,,,Shopify,10,deny,150,g,TRUE,manual,https://i.ibb.co/tPYsyVVP/B-352-FS-ONION-PINK-BACK.jpg,2,,https://i.ibb.co/j9PV0zvw/B-352-FS-ONION-PINK-FRONT.jpg,,,,,,,,B-352.FS_ONION-PINK_34,,,,,,,,,,,,,,,,,,,,,PINK
,vamas-brigerton-inspired-bow-full-slevess-blouse,,,,,,,,B-352.FS_ONION-PINK_36,8.91E+12,,ONION-PINK,,,36,,,,,2624,2624,2624,FALSE,,,,,,Shopify,10,deny,150,g,TRUE,manual,https://i.ibb.co/zV66Bkzx/B-352-FS-ONION-PINK-SIDE.jpg,3,,https://i.ibb.co/j9PV0zvw/B-352-FS-ONION-PINK-FRONT.jpg,,,,,,,,B-352.FS_ONION-PINK_36,,,,,,,,,,,,,,,,,,,,,PINK
,vamas-brigerton-inspired-bow-full-slevess-blouse,,,,,,,,B-352.FS_ONION-PINK_38,8.91E+12,,ONION-PINK,,,38,,,,,2624,2624,2624,FALSE,,,,,,Shopify,10,deny,150,g,TRUE,manual,https://i.ibb.co/RX2jNDW/B-352-FS-ONION-PINK-FULL.jpg,4,,https://i.ibb.co/j9PV0zvw/B-352-FS-ONION-PINK-FRONT.jpg,,,,,,,,B-352.FS_ONION-PINK_38,,,,,,,,,,,,,,,,,,,,,PINK
,vamas-brigerton-inspired-bow-full-slevess-blouse,,,,,,,,B-352.FS_ONION-PINK_40,8.91E+12,,ONION-PINK,,,40,,,,,2624,2624,2624,FALSE,,,,,,Shopify,10,deny,150,g,TRUE,manual,https://i.ibb.co/hJ4zdZF3/B-352-FS-ONION-PINK-ZOOM.jpg,5,,https://i.ibb.co/j9PV0zvw/B-352-FS-ONION-PINK-FRONT.jpg,,,,,,,,B-352.FS_ONION-PINK_40,,,,,,,,,,,,,,,,,,,,,PINK
,vamas-brigerton-inspired-bow-full-slevess-blouse,,,,,,,,B-352.FS_ONION-PINK_42,8.91E+12,,ONION-PINK,,,42,,,,,2624,2624,2624,FALSE,,,,,,Shopify,10,deny,150,g,TRUE,manual,,,,https://i.ibb.co/j9PV0zvw/B-352-FS-ONION-PINK-FRONT.jpg,,,,,,,,B-352.FS_ONION-PINK_42,,,,,,,,,,,,,,,,,,,,,PINK
Vamas Brigerton Inspired Royal Silk Blouse,vamas-brigerton-inspired-royal-silk-blouse,Vamas Brigerton Inspired Royal Silk Blouse,VAMAS,Apparel & Accessories > Clothing > Blouses,Blouse,"back-open,dupion-silk,padded-blouse,brigerton-inspired-series,one-of-a-kind-blouses,new_blouses,full-sleeves,collar-neck",TRUE,active,B-353.FS_MAROON_32,8.91E+12,COLOR,MAROON,,SIZE,32,,,,,2624,2624,2624,FALSE,,,,,,Shopify,10,deny,150,g,TRUE,manual,https://i.ibb.co/N6zqyZkM/B-353-FS-MAROON-FRONT.jpg,1,,https://i.ibb.co/N6zqyZkM/B-353-FS-MAROON-FRONT.jpg,FALSE,Vamas Brigerton Inspired Royal Silk Blouse | Vamas,Vamas Brigerton Inspired Royal Silk Blouse,,Apparel & Accessories > Clothing > Shirts & Tops,Female,Adult,B-353.FS_MAROON_32,,"back-open,collar-neck,dupion-silk,padded-blouse,full-sleeves,brigerton-inspired-series,one-of-a-kind-blouses,new_blouses",,,,,,,,B-353.FS,ART SILK,NA,Readymade Padded Blouse,COLLAR NECK,FULL SLEEVES,Soft Butter Inner Lining,Back Open,Soft Butter Inner Lining,Handcrafted in India,padded_blouse,MAROON
,vamas-brigerton-inspired-royal-silk-blouse,,,,,,,,B-353.FS_MAROON_34,8.91E+12,,MAROON,,,34,,,,,2624,2624,2624,FALSE,,,,,,Shopify,10,deny,150,g,TRUE,manual,https://i.ibb.co/Pvw0SCs1/B-353-FS-MAROON-BACK.jpg,2,,https://i.ibb.co/N6zqyZkM/B-353-FS-MAROON-FRONT.jpg,,,,,,,,B-353.FS_MAROON_34,,,,,,,,,,,,,,,,,,,,,MAROON
,vamas-brigerton-inspired-royal-silk-blouse,,,,,,,,B-353.FS_MAROON_36,8.91E+12,,MAROON,,,36,,,,,2624,2624,2624,FALSE,,,,,,Shopify,10,deny,150,g,TRUE,manual,https://i.ibb.co/LhnD5fJm/B-353-FS-MAROON-SIDE.jpg,3,,https://i.ibb.co/N6zqyZkM/B-353-FS-MAROON-FRONT.jpg,,,,,,,,B-353.FS_MAROON_36,,,,,,,,,,,,,,,,,,,,,MAROON
,vamas-brigerton-inspired-royal-silk-blouse,,,,,,,,B-353.FS_MAROON_38,8.91E+12,,MAROON,,,38,,,,,2624,2624,2624,FALSE,,,,,,Shopify,10,deny,150,g,TRUE,manual,https://i.ibb.co/RGcxfHPt/B-353-FS-MAROON-FULL.jpg,4,,https://i.ibb.co/N6zqyZkM/B-353-FS-MAROON-FRONT.jpg,,,,,,,,B-353.FS_MAROON_38,,,,,,,,,,,,,,,,,,,,,MAROON
,vamas-brigerton-inspired-royal-silk-blouse,,,,,,,,B-353.FS_MAROON_40,8.91E+12,,MAROON,,,40,,,,,2624,2624,2624,FALSE,,,,,,Shopify,10,deny,150,g,TRUE,manual,https://i.ibb.co/23VgV279/B-353-FS-MAROON-ZOOM.jpg,5,,https://i.ibb.co/N6zqyZkM/B-353-FS-MAROON-FRONT.jpg,,,,,,,,B-353.FS_MAROON_40,,,,,,,,,,,,,,,,,,,,,MAROON
,vamas-brigerton-inspired-royal-silk-blouse,,,,,,,,B-353.FS_MAROON_42,8.91E+12,,MAROON,,,42,,,,,2624,2624,2624,FALSE,,,,,,Shopify,10,deny,150,g,TRUE,manual,,,,https://i.ibb.co/N6zqyZkM/B-353-FS-MAROON-FRONT.jpg,,,,,,,,B-353.FS_MAROON_42,,,,,,,,,,,,,,,,,,,,,MAROON
Vamas Brigerton Inspired Gather Katori Blouse,vamas-brigerton-inspired-gather-katori-blouse,Vamas Brigerton Inspired Gather Katori Blouse,VAMAS,Apparel & Accessories > Clothing > Blouses,Blouse,"back-open,tissue,padded-blouse,brigerton-inspired-series,one-of-a-kind-blouses,new_blouses,full-sleeves,high-neck",TRUE,active,B-355.ELB_LIGHT-PINK_32,8.91E+12,COLOR,LIGHT-PINK,,SIZE,32,,,,,2624,2624,2624,FALSE,,,,,,Shopify,10,deny,150,g,TRUE,manual,https://i.ibb.co/DfxZ9fWG/B-355-ELB-LIGHT-PINK-FRONT.jpg,1,,https://i.ibb.co/DfxZ9fWG/B-355-ELB-LIGHT-PINK-FRONT.jpg,FALSE,Vamas Brigerton Inspired Gather Katori Blouse | Vamas,Vamas Brigerton Inspired Gather Katori Blouse,,Apparel & Accessories > Clothing > Shirts & Tops,Female,Adult,B-355.ELB_LIGHT-PINK_32,,"back-open,high-neck,tissue,padded-blouse,full-sleeves,brigerton-inspired-series,one-of-a-kind-blouses,new_blouses",,,,,,,,B-355.ELB,TISSUE,NA,Readymade Padded Blouse,HIGH NECK,FULL SLEEVES,Soft Butter Inner Lining,Back Open,Soft Butter Inner Lining,Handcrafted in India,padded_blouse,LIGHT-PINK
,vamas-brigerton-inspired-gather-katori-blouse,,,,,,,,B-355.ELB_LIGHT-PINK_34,8.91E+12,,LIGHT-PINK,,,34,,,,,2624,2624,2624,FALSE,,,,,,Shopify,10,deny,150,g,TRUE,manual,https://i.ibb.co/KxyQGByY/B-355-ELB-LIGHT-PINK-BACK.jpg,2,,https://i.ibb.co/DfxZ9fWG/B-355-ELB-LIGHT-PINK-FRONT.jpg,,,,,,,,B-355.ELB_LIGHT-PINK_34,,,,,,,,,,,,,,,,,,,,,LIGHT-PINK
,vamas-brigerton-inspired-gather-katori-blouse,,,,,,,,B-355.ELB_LIGHT-PINK_36,8.91E+12,,LIGHT-PINK,,,36,,,,,2624,2624,2624,FALSE,,,,,,Shopify,10,deny,150,g,TRUE,manual,https://i.ibb.co/wrhJrCxP/B-355-ELB-LIGHT-PINK-SIDE.jpg,3,,https://i.ibb.co/DfxZ9fWG/B-355-ELB-LIGHT-PINK-FRONT.jpg,,,,,,,,B-355.ELB_LIGHT-PINK_36,,,,,,,,,,,,,,,,,,,,,LIGHT-PINK
,vamas-brigerton-inspired-gather-katori-blouse,,,,,,,,B-355.ELB_LIGHT-PINK_38,8.91E+12,,LIGHT-PINK,,,38,,,,,2624,2624,2624,FALSE,,,,,,Shopify,10,deny,150,g,TRUE,manual,https://i.ibb.co/PzPX7M0m/B-355-ELB-LIGHT-PINK-FULL.jpg,4,,https://i.ibb.co/DfxZ9fWG/B-355-ELB-LIGHT-PINK-FRONT.jpg,,,,,,,,B-355.ELB_LIGHT-PINK_38,,,,,,,,,,,,,,,,,,,,,LIGHT-PINK
,vamas-brigerton-inspired-gather-katori-blouse,,,,,,,,B-355.ELB_LIGHT-PINK_40,8.91E+12,,LIGHT-PINK,,,40,,,,,2624,2624,2624,FALSE,,,,,,Shopify,10,deny,150,g,TRUE,manual,https://i.ibb.co/SwXGTq8J/B-355-ELB-LIGHT-PINK-ZOOM.jpg,5,,https://i.ibb.co/DfxZ9fWG/B-355-ELB-LIGHT-PINK-FRONT.jpg,,,,,,,,B-355.ELB_LIGHT-PINK_40,,,,,,,,,,,,,,,,,,,,,LIGHT-PINK
,vamas-brigerton-inspired-gather-katori-blouse,,,,,,,,B-355.ELB_LIGHT-PINK_42,8.91E+12,,LIGHT-PINK,,,42,,,,,2624,2624,2624,FALSE,,,,,,Shopify,10,deny,150,g,TRUE,manual,,,,https://i.ibb.co/DfxZ9fWG/B-355-ELB-LIGHT-PINK-FRONT.jpg,,,,,,,,B-355.ELB_LIGHT-PINK_42,,,,,,,,,,,,,,,,,,,,,LIGHT-PINK
Multi Zig Zag Zari Cord Embroidery Blouse,multi-zig-zag-zari-cord-embroidery-blouse,Multi Zig Zag Zari Cord Embroidery Blouse,VAMAS,Apparel & Accessories > Clothing > Blouses,Blouse,"back-open,embroidery,padded-blouse,the-kanjivaram-companion,occasion-wear,new_blouses,elbow-sleeves,square-neck",TRUE,active,B-371.NS_BLACK_32,8.91E+12,COLOR,BLACK,,SIZE,32,,,,,2624,2624,2624,FALSE,,,,,,Shopify,10,deny,150,g,TRUE,manual,https://i.ibb.co/NRtW9Mw/B-371-NS-BLACK-FRONT.jpg,1,,https://i.ibb.co/NRtW9Mw/B-371-NS-BLACK-FRONT.jpg,FALSE,Multi Zig Zag Zari Cord Embroidery Blouse | Vamas,Multi Zig Zag Zari Cord Embroidery Blouse,,Apparel & Accessories > Clothing > Shirts & Tops,Female,Adult,B-371.NS_BLACK_32,,"back-open,square-neck,embroidery,padded-blouse,elbow-sleeves,the-kanjivaram-companion,occasion-wear,new_blouses",,,,,,,,B-371.NS,GEORGETTE,CORD WORK,Readymade Padded Blouse,SQUARE NECK,ELBOW SLEEVES,Soft Butter Inner Lining,Back Open,Soft Butter Inner Lining,Handcrafted in India,padded_blouse,BLACK
,multi-zig-zag-zari-cord-embroidery-blouse,,,,,,,,B-371.NS_BLACK_34,8.91E+12,,BLACK,,,34,,,,,2624,2624,2624,FALSE,,,,,,Shopify,10,deny,150,g,TRUE,manual,https://i.ibb.co/6RvrqxqM/B-371-NS-BLACK-BACK.jpg,2,,https://i.ibb.co/NRtW9Mw/B-371-NS-BLACK-FRONT.jpg,,,,,,,,B-371.NS_BLACK_34,,,,,,,,,,,,,,,,,,,,,BLACK
,multi-zig-zag-zari-cord-embroidery-blouse,,,,,,,,B-371.NS_BLACK_36,8.91E+12,,BLACK,,,36,,,,,2624,2624,2624,FALSE,,,,,,Shopify,10,deny,150,g,TRUE,manual,https://i.ibb.co/TM1yg2xL/B-371-NS-BLACK-SIDE.jpg,3,,https://i.ibb.co/NRtW9Mw/B-371-NS-BLACK-FRONT.jpg,,,,,,,,B-371.NS_BLACK_36,,,,,,,,,,,,,,,,,,,,,BLACK
,multi-zig-zag-zari-cord-embroidery-blouse,,,,,,,,B-371.NS_BLACK_38,8.91E+12,,BLACK,,,38,,,,,2624,2624,2624,FALSE,,,,,,Shopify,10,deny,150,g,TRUE,manual,https://i.ibb.co/mV60Zf5g/B-371-NS-BLACK-FULL.jpg,4,,https://i.ibb.co/NRtW9Mw/B-371-NS-BLACK-FRONT.jpg,,,,,,,,B-371.NS_BLACK_38,,,,,,,,,,,,,,,,,,,,,BLACK
,multi-zig-zag-zari-cord-embroidery-blouse,,,,,,,,B-371.NS_BLACK_40,8.91E+12,,BLACK,,,40,,,,,2624,2624,2624,FALSE,,,,,,Shopify,10,deny,150,g,TRUE,manual,https://i.ibb.co/gL8FPGCX/B-371-NS-BLACK-ZOOM.jpg,5,,https://i.ibb.co/NRtW9Mw/B-371-NS-BLACK-FRONT.jpg,,,,,,,,B-371.NS_BLACK_40,,,,,,,,,,,,,,,,,,,,,BLACK
,multi-zig-zag-zari-cord-embroidery-blouse,,,,,,,,B-371.NS_BLACK_42,8.91E+12,,BLACK,,,42,,,,,2624,2624,2624,FALSE,,,,,,Shopify,10,deny,150,g,TRUE,manual,,,,https://i.ibb.co/NRtW9Mw/B-371-NS-BLACK-FRONT.jpg,,,,,,,,B-371.NS_BLACK_42,,,,,,,,,,,,,,,,,,,,,BLACK
Tissue Butti Round Waist Cut Designer Blouse,tissue-butti-round-waist-cut-designer-blouse,Tissue Butti Round Waist Cut Designer Blouse,VAMAS,Apparel & Accessories > Clothing > Blouses,Blouse,"back-open,tissue,padded-blouse,brocade-bohemia,one-of-a-kind-blouses,new_blouses,sleeveless,v-neck",TRUE,active,B-374.NS_BLUE_32,8.91E+12,COLOR,BLUE,,SIZE,32,,,,,1999,1999,1999,FALSE,,,,,,Shopify,10,deny,150,g,TRUE,manual,https://i.ibb.co/rK8cy6nT/B-374-NS-BLUE-FRONT.jpg,1,,https://i.ibb.co/rK8cy6nT/B-374-NS-BLUE-FRONT.jpg,FALSE,Tissue Butti Round Waist Cut Designer Blouse | Vamas,Tissue Butti Round Waist Cut Designer Blouse,,Apparel & Accessories > Clothing > Shirts & Tops,Female,Adult,B-374.NS_BLUE_32,,"back-open,v-neck,tissue,padded-blouse,sleeveless,brocade-bohemia,one-of-a-kind-blouses,new_blouses",,,,,,,,B-374.NS,TISSUE,NA,Readymade Padded Blouse,V NECK,SLEEVELESS,Soft Butter Inner Lining,Back Open,Soft Butter Inner Lining,Handcrafted in India,padded_blouse,BLUE
,tissue-butti-round-waist-cut-designer-blouse,,,,,,,,B-374.NS_BLUE_34,8.91E+12,,BLUE,,,34,,,,,1999,1999,1999,FALSE,,,,,,Shopify,10,deny,150,g,TRUE,manual,https://i.ibb.co/ynD4fsHz/B-374-NS-BLUE-BACK.jpg,2,,https://i.ibb.co/rK8cy6nT/B-374-NS-BLUE-FRONT.jpg,,,,,,,,B-374.NS_BLUE_34,,,,,,,,,,,,,,,,,,,,,BLUE
,tissue-butti-round-waist-cut-designer-blouse,,,,,,,,B-374.NS_BLUE_36,8.91E+12,,BLUE,,,36,,,,,1999,1999,1999,FALSE,,,,,,Shopify,10,deny,150,g,TRUE,manual,https://i.ibb.co/v4Tg2YZY/B-374-NS-BLUE-SIDE.jpg,3,,https://i.ibb.co/rK8cy6nT/B-374-NS-BLUE-FRONT.jpg,,,,,,,,B-374.NS_BLUE_36,,,,,,,,,,,,,,,,,,,,,BLUE
,tissue-butti-round-waist-cut-designer-blouse,,,,,,,,B-374.NS_BLUE_38,8.91E+12,,BLUE,,,38,,,,,1999,1999,1999,FALSE,,,,,,Shopify,10,deny,150,g,TRUE,manual,https://i.ibb.co/4vyXPLB/B-374-NS-BLUE-FULL.jpg,4,,https://i.ibb.co/rK8cy6nT/B-374-NS-BLUE-FRONT.jpg,,,,,,,,B-374.NS_BLUE_38,,,,,,,,,,,,,,,,,,,,,BLUE
,tissue-butti-round-waist-cut-designer-blouse,,,,,,,,B-374.NS_BLUE_40,8.91E+12,,BLUE,,,40,,,,,1999,1999,1999,FALSE,,,,,,Shopify,10,deny,150,g,TRUE,manual,https://i.ibb.co/1YgwX6qF/B-374-NS-BLUE-ZOOM.jpg,5,,https://i.ibb.co/rK8cy6nT/B-374-NS-BLUE-FRONT.jpg,,,,,,,,B-374.NS_BLUE_40,,,,,,,,,,,,,,,,,,,,,BLUE
,tissue-butti-round-waist-cut-designer-blouse,,,,,,,,B-374.NS_BLUE_42,8.91E+12,,BLUE,,,42,,,,,1999,1999,1999,FALSE,,,,,,Shopify,10,deny,150,g,TRUE,manual,,,,https://i.ibb.co/rK8cy6nT/B-374-NS-BLUE-FRONT.jpg,,,,,,,,B-374.NS_BLUE_42,,,,,,,,,,,,,,,,,,,,,BLUE
Vamas Velvet Partywear Buckle Closure Blouse,vamas-velvet-partywear-buckle-closure-blouse,Vamas Velvet Partywear Buckle Closure Blouse,VAMAS,Apparel & Accessories > Clothing > Blouses,Blouse,"back-open,velvet,padded-blouse,party-wear,new_blouses,sleeveless,sweetheart-neck",TRUE,active,B-380.NS_BLACK_32,8.91E+12,COLOR,BLACK,,SIZE,32,,,,,1999,1999,1999,FALSE,,,,,,Shopify,10,deny,150,g,TRUE,manual,https://i.ibb.co/jkP2NjTG/B-380-NS-BLACK-FRONT.jpg,1,,https://i.ibb.co/jkP2NjTG/B-380-NS-BLACK-FRONT.jpg,FALSE,Vamas Velvet Partywear Buckle Closure Blouse | Vamas,Vamas Velvet Partywear Buckle Closure Blouse,,Apparel & Accessories > Clothing > Shirts & Tops,Female,Adult,B-380.NS_BLACK_32,,"back-open,sweetheart-neck,velvet,padded-blouse,sleeveless,party-wear,new_blouses",,,,,,,,B-380.NS,VELVET,NA,Readymade Padded Blouse,SWEETHEART NECK,SLEEVELESS,Soft Butter Inner Lining,Back Open,Soft Butter Inner Lining,Handcrafted in India,padded_blouse,BLACK
,vamas-velvet-partywear-buckle-closure-blouse,,,,,,,,B-380.NS_BLACK_34,8.91E+12,,BLACK,,,34,,,,,1999,1999,1999,FALSE,,,,,,Shopify,10,deny,150,g,TRUE,manual,https://i.ibb.co/Q3S2bhF8/B-380-NS-BLACK-BACK.jpg,2,,https://i.ibb.co/jkP2NjTG/B-380-NS-BLACK-FRONT.jpg,,,,,,,,B-380.NS_BLACK_34,,,,,,,,,,,,,,,,,,,,,BLACK
,vamas-velvet-partywear-buckle-closure-blouse,,,,,,,,B-380.NS_BLACK_36,8.91E+12,,BLACK,,,36,,,,,1999,1999,1999,FALSE,,,,,,Shopify,10,deny,150,g,TRUE,manual,https://i.ibb.co/WSwWvFD/B-380-NS-BLACK-SIDE.jpg,3,,https://i.ibb.co/jkP2NjTG/B-380-NS-BLACK-FRONT.jpg,,,,,,,,B-380.NS_BLACK_36,,,,,,,,,,,,,,,,,,,,,BLACK
,vamas-velvet-partywear-buckle-closure-blouse,,,,,,,,B-380.NS_BLACK_38,8.91E+12,,BLACK,,,38,,,,,1999,1999,1999,FALSE,,,,,,Shopify,10,deny,150,g,TRUE,manual,https://i.ibb.co/fdZVZmwS/B-380-NS-BLACK-FULL.jpg,4,,https://i.ibb.co/jkP2NjTG/B-380-NS-BLACK-FRONT.jpg,,,,,,,,B-380.NS_BLACK_38,,,,,,,,,,,,,,,,,,,,,BLACK
,vamas-velvet-partywear-buckle-closure-blouse,,,,,,,,B-380.NS_BLACK_40,8.91E+12,,BLACK,,,40,,,,,1999,1999,1999,FALSE,,,,,,Shopify,10,deny,150,g,TRUE,manual,https://i.ibb.co/pv84Qpc3/B-380-NS-BLACK-ZOOM.jpg,5,,https://i.ibb.co/jkP2NjTG/B-380-NS-BLACK-FRONT.jpg,,,,,,,,B-380.NS_BLACK_40,,,,,,,,,,,,,,,,,,,,,BLACK
,vamas-velvet-partywear-buckle-closure-blouse,,,,,,,,B-380.NS_BLACK_42,8.91E+12,,BLACK,,,42,,,,,1999,1999,1999,FALSE,,,,,,Shopify,10,deny,150,g,TRUE,manual,,,,https://i.ibb.co/jkP2NjTG/B-380-NS-BLACK-FRONT.jpg,,,,,,,,B-380.NS_BLACK_42,,,,,,,,,,,,,,,,,,,,,BLACK
,vamas-velvet-partywear-buckle-closure-blouse,,,,,,,,B-380.NS_ROSE-GOLD_32,8.91E+12,,ROSE-GOLD,,,32,,,,,1999,1999,1999,FALSE,,,,,,Shopify,10,deny,150,g,TRUE,manual,https://i.ibb.co/9HRk0qw3/B-380-NS-ROSE-GOLD-FRONT.jpg,6,,https://i.ibb.co/9HRk0qw3/B-380-NS-ROSE-GOLD-FRONT.jpg,FALSE,,,,,,,B-380.NS_ROSE-GOLD_32,,,,,,,,,,,,,,,,,,,,,COPPER
,vamas-velvet-partywear-buckle-closure-blouse,,,,,,,,B-380.NS_ROSE-GOLD_34,8.91E+12,,ROSE-GOLD,,,34,,,,,1999,1999,1999,FALSE,,,,,,Shopify,10,deny,150,g,TRUE,manual,https://i.ibb.co/xKbDmyQH/B-380-NS-ROSE-GOLD-BACK.jpg,7,,https://i.ibb.co/9HRk0qw3/B-380-NS-ROSE-GOLD-FRONT.jpg,,,,,,,,B-380.NS_ROSE-GOLD_34,,,,,,,,,,,,,,,,,,,,,COPPER
,vamas-velvet-partywear-buckle-closure-blouse,,,,,,,,B-380.NS_ROSE-GOLD_36,8.91E+12,,ROSE-GOLD,,,36,,,,,1999,1999,1999,FALSE,,,,,,Shopify,10,deny,150,g,TRUE,manual,https://i.ibb.co/DfC5Lm0R/B-380-NS-ROSE-GOLD-SIDE.jpg,8,,https://i.ibb.co/9HRk0qw3/B-380-NS-ROSE-GOLD-FRONT.jpg,,,,,,,,B-380.NS_ROSE-GOLD_36,,,,,,,,,,,,,,,,,,,,,COPPER
,vamas-velvet-partywear-buckle-closure-blouse,,,,,,,,B-380.NS_ROSE-GOLD_38,8.91E+12,,ROSE-GOLD,,,38,,,,,1999,1999,1999,FALSE,,,,,,Shopify,10,deny,150,g,TRUE,manual,https://i.ibb.co/JPSL0wk/B-380-NS-ROSE-GOLD-FULL.jpg,9,,https://i.ibb.co/9HRk0qw3/B-380-NS-ROSE-GOLD-FRONT.jpg,,,,,,,,B-380.NS_ROSE-GOLD_38,,,,,,,,,,,,,,,,,,,,,COPPER
,vamas-velvet-partywear-buckle-closure-blouse,,,,,,,,B-380.NS_ROSE-GOLD_40,8.91E+12,,ROSE-GOLD,,,40,,,,,1999,1999,1999,FALSE,,,,,,Shopify,10,deny,150,g,TRUE,manual,https://i.ibb.co/60mMkj6f/B-380-NS-ROSE-GOLD-ZOOM.jpg,10,,https://i.ibb.co/9HRk0qw3/B-380-NS-ROSE-GOLD-FRONT.jpg,,,,,,,,B-380.NS_ROSE-GOLD_40,,,,,,,,,,,,,,,,,,,,,COPPER
,vamas-velvet-partywear-buckle-closure-blouse,,,,,,,,B-380.NS_ROSE-GOLD_42,8.91E+12,,ROSE-GOLD,,,42,,,,,1999,1999,1999,FALSE,,,,,,Shopify,10,deny,150,g,TRUE,manual,,,,https://i.ibb.co/9HRk0qw3/B-380-NS-ROSE-GOLD-FRONT.jpg,,,,,,,,B-380.NS_ROSE-GOLD_42,,,,,,,,,,,,,,,,,,,,,COPPER
,vamas-velvet-partywear-buckle-closure-blouse,,,,,,,,B-380.NS_RUST_32,8.91E+12,,RUST,,,32,,,,,1999,1999,1999,FALSE,,,,,,Shopify,10,deny,150,g,TRUE,manual,https://i.ibb.co/Cs0C3LDC/B-380-NS-RUST-FRONT.jpg,11,,https://i.ibb.co/Cs0C3LDC/B-380-NS-RUST-FRONT.jpg,FALSE,,,,,,,B-380.NS_RUST_32,,,,,,,,,,,,,,,,,,,,,RUST
,vamas-velvet-partywear-buckle-closure-blouse,,,,,,,,B-380.NS_RUST_34,8.91E+12,,RUST,,,34,,,,,1999,1999,1999,FALSE,,,,,,Shopify,10,deny,150,g,TRUE,manual,https://i.ibb.co/ym227nD4/B-380-NS-RUST-BACK.jpg,12,,https://i.ibb.co/Cs0C3LDC/B-380-NS-RUST-FRONT.jpg,,,,,,,,B-380.NS_RUST_34,,,,,,,,,,,,,,,,,,,,,RUST
,vamas-velvet-partywear-buckle-closure-blouse,,,,,,,,B-380.NS_RUST_36,8.91E+12,,RUST,,,36,,,,,1999,1999,1999,FALSE,,,,,,Shopify,10,deny,150,g,TRUE,manual,https://i.ibb.co/G4gNzW4Q/B-380-NS-RUST-SIDE.jpg,13,,https://i.ibb.co/Cs0C3LDC/B-380-NS-RUST-FRONT.jpg,,,,,,,,B-380.NS_RUST_36,,,,,,,,,,,,,,,,,,,,,RUST
,vamas-velvet-partywear-buckle-closure-blouse,,,,,,,,B-380.NS_RUST_38,8.91E+12,,RUST,,,38,,,,,1999,1999,1999,FALSE,,,,,,Shopify,10,deny,150,g,TRUE,manual,https://i.ibb.co/yBcNCC6W/B-380-NS-RUST-FULL.jpg,14,,https://i.ibb.co/Cs0C3LDC/B-380-NS-RUST-FRONT.jpg,,,,,,,,B-380.NS_RUST_38,,,,,,,,,,,,,,,,,,,,,RUST
,vamas-velvet-partywear-buckle-closure-blouse,,,,,,,,B-380.NS_RUST_40,8.91E+12,,RUST,,,40,,,,,1999,1999,1999,FALSE,,,,,,Shopify,10,deny,150,g,TRUE,manual,https://i.ibb.co/fzJSCSVN/B-380-NS-RUST-ZOOM.jpg,15,,https://i.ibb.co/Cs0C3LDC/B-380-NS-RUST-FRONT.jpg,,,,,,,,B-380.NS_RUST_40,,,,,,,,,,,,,,,,,,,,,RUST
,vamas-velvet-partywear-buckle-closure-blouse,,,,,,,,B-380.NS_RUST_42,8.91E+12,,RUST,,,42,,,,,1999,1999,1999,FALSE,,,,,,Shopify,10,deny,150,g,TRUE,manual,,,,https://i.ibb.co/Cs0C3LDC/B-380-NS-RUST-FRONT.jpg,,,,,,,,B-380.NS_RUST_42,,,,,,,,,,,,,,,,,,,,,RUST
Pure Cotton Pleated V Neck Geometric Blouse,pure-cotton-pleated-v-neck-geometric-blouse,Pure Cotton Pleated V Neck Geometric Blouse,VAMAS,Apparel & Accessories > Clothing > Blouses,Blouse,"back-open,cotton,padded-blouse,everyday-cottons,one-of-a-kind-blouses,new_blouses,sleeveless,sweetheart-neck",TRUE,active,X-1380.NS_MULTI_32,8.91E+12,COLOR,MULTI,,SIZE,32,,,,,2299,2299,2299,FALSE,,,,,,Shopify,10,deny,150,g,TRUE,manual,https://i.ibb.co/sJvRwrSh/X-1380-NS-MULTI-FRONT.jpg,1,,https://i.ibb.co/sJvRwrSh/X-1380-NS-MULTI-FRONT.jpg,FALSE,Pure Cotton Pleated V Neck Geometric Blouse | Vamas,Pure Cotton Pleated V Neck Geometric Blouse,,Apparel & Accessories > Clothing > Shirts & Tops,Female,Adult,X-1380.NS_MULTI_32,,"back-open,sweetheart-neck,cotton,padded-blouse,sleeveless,everyday-cottons,one-of-a-kind-blouses,new_blouses",,,,,,,,X-1380.NS,COTTON,NA,Readymade Padded Blouse,SWEETHEART NECK,SLEEVELESS,Soft Butter Inner Lining,Back Open,Soft Butter Inner Lining,Handcrafted in India,padded_blouse,MULTI
,pure-cotton-pleated-v-neck-geometric-blouse,,,,,,,,X-1380.NS_MULTI_34,8.91E+12,,MULTI,,,34,,,,,2299,2299,2299,FALSE,,,,,,Shopify,10,deny,150,g,TRUE,manual,https://i.ibb.co/9H2t92vY/X-1380-NS-MULTI-BACK.jpg,2,,https://i.ibb.co/sJvRwrSh/X-1380-NS-MULTI-FRONT.jpg,,,,,,,,X-1380.NS_MULTI_34,,,,,,,,,,,,,,,,,,,,,MULTI
,pure-cotton-pleated-v-neck-geometric-blouse,,,,,,,,X-1380.NS_MULTI_36,8.91E+12,,MULTI,,,36,,,,,2299,2299,2299,FALSE,,,,,,Shopify,10,deny,150,g,TRUE,manual,https://i.ibb.co/JwbGzsrV/X-1380-NS-MULTI-SIDE.jpg,3,,https://i.ibb.co/sJvRwrSh/X-1380-NS-MULTI-FRONT.jpg,,,,,,,,X-1380.NS_MULTI_36,,,,,,,,,,,,,,,,,,,,,MULTI
,pure-cotton-pleated-v-neck-geometric-blouse,,,,,,,,X-1380.NS_MULTI_38,8.91E+12,,MULTI,,,38,,,,,2299,2299,2299,FALSE,,,,,,Shopify,10,deny,150,g,TRUE,manual,https://i.ibb.co/B2jb8rL8/X-1380-NS-MULTI-FULL.jpg,4,,https://i.ibb.co/sJvRwrSh/X-1380-NS-MULTI-FRONT.jpg,,,,,,,,X-1380.NS_MULTI_38,,,,,,,,,,,,,,,,,,,,,MULTI
,pure-cotton-pleated-v-neck-geometric-blouse,,,,,,,,X-1380.NS_MULTI_40,8.91E+12,,MULTI,,,40,,,,,2299,2299,2299,FALSE,,,,,,Shopify,10,deny,150,g,TRUE,manual,https://i.ibb.co/4w8rYvW8/X-1380-NS-MULTI-ZOOM.jpg,5,,https://i.ibb.co/sJvRwrSh/X-1380-NS-MULTI-FRONT.jpg,,,,,,,,X-1380.NS_MULTI_40,,,,,,,,,,,,,,,,,,,,,MULTI
,pure-cotton-pleated-v-neck-geometric-blouse,,,,,,,,X-1380.NS_MULTI_42,8.91E+12,,MULTI,,,42,,,,,2299,2299,2299,FALSE,,,,,,Shopify,10,deny,150,g,TRUE,manual,,,,https://i.ibb.co/sJvRwrSh/X-1380-NS-MULTI-FRONT.jpg,,,,,,,,X-1380.NS_MULTI_42,,,,,,,,,,,,,,,,,,,,,MULTI
Breezy Summer Sleeveless Printed Yoke Blouse,breezy-summer-sleeveless-printed-yoke-blouse,Breezy Summer Sleeveless Printed Yoke Blouse,VAMAS,Apparel & Accessories > Clothing > Blouses,Blouse,"back-open,cotton,padded-blouse,brezzy-prints,new_blouses,sleeveless,v-neck",TRUE,active,X-1383.NS_SKY-BLUE_32,8.91E+12,COLOR,SKY-BLUE,,SIZE,32,,,,,1699,1699,1699,FALSE,,,,,,Shopify,10,deny,150,g,TRUE,manual,https://i.ibb.co/qLm2Z503/X-1383-NS-SKY-BLUE-FRONT.jpg,1,,https://i.ibb.co/qLm2Z503/X-1383-NS-SKY-BLUE-FRONT.jpg,FALSE,Breezy Summer Sleeveless Printed Yoke Blouse | Vamas,Breezy Summer Sleeveless Printed Yoke Blouse,,Apparel & Accessories > Clothing > Shirts & Tops,Female,Adult,X-1383.NS_SKY-BLUE_32,,"back-open,v-neck,cotton,padded-blouse,sleeveless,brezzy-prints,new_blouses",,,,,,,,X-1383.NS,COTTON,PRINTED,Readymade Padded Blouse,V NECK,SLEEVELESS,Soft Butter Inner Lining,Back Open,Soft Butter Inner Lining,Handcrafted in India,padded_blouse,BLUE
,breezy-summer-sleeveless-printed-yoke-blouse,,,,,,,,X-1383.NS_SKY-BLUE_34,8.91E+12,,SKY-BLUE,,,34,,,,,1699,1699,1699,FALSE,,,,,,Shopify,10,deny,150,g,TRUE,manual,https://i.ibb.co/kV9RnYkC/X-1383-NS-SKY-BLUE-BACK.jpg,2,,https://i.ibb.co/qLm2Z503/X-1383-NS-SKY-BLUE-FRONT.jpg,,,,,,,,X-1383.NS_SKY-BLUE_34,,,,,,,,,,,,,,,,,,,,,BLUE
,breezy-summer-sleeveless-printed-yoke-blouse,,,,,,,,X-1383.NS_SKY-BLUE_36,8.91E+12,,SKY-BLUE,,,36,,,,,1699,1699,1699,FALSE,,,,,,Shopify,10,deny,150,g,TRUE,manual,https://i.ibb.co/LXfkwMr6/X-1383-NS-SKY-BLUE-SIDE.jpg,3,,https://i.ibb.co/qLm2Z503/X-1383-NS-SKY-BLUE-FRONT.jpg,,,,,,,,X-1383.NS_SKY-BLUE_36,,,,,,,,,,,,,,,,,,,,,BLUE
,breezy-summer-sleeveless-printed-yoke-blouse,,,,,,,,X-1383.NS_SKY-BLUE_38,8.91E+12,,SKY-BLUE,,,38,,,,,1699,1699,1699,FALSE,,,,,,Shopify,10,deny,150,g,TRUE,manual,https://i.ibb.co/JjrjH6FD/X-1383-NS-SKY-BLUE-FULL.jpg,4,,https://i.ibb.co/qLm2Z503/X-1383-NS-SKY-BLUE-FRONT.jpg,,,,,,,,X-1383.NS_SKY-BLUE_38,,,,,,,,,,,,,,,,,,,,,BLUE
,breezy-summer-sleeveless-printed-yoke-blouse,,,,,,,,X-1383.NS_SKY-BLUE_40,8.91E+12,,SKY-BLUE,,,40,,,,,1699,1699,1699,FALSE,,,,,,Shopify,10,deny,150,g,TRUE,manual,https://i.ibb.co/JRFh202X/X-1383-NS-SKY-BLUE-ZOOM.jpg,5,,https://i.ibb.co/qLm2Z503/X-1383-NS-SKY-BLUE-FRONT.jpg,,,,,,,,X-1383.NS_SKY-BLUE_40,,,,,,,,,,,,,,,,,,,,,BLUE
,breezy-summer-sleeveless-printed-yoke-blouse,,,,,,,,X-1383.NS_SKY-BLUE_42,8.91E+12,,SKY-BLUE,,,42,,,,,1699,1699,1699,FALSE,,,,,,Shopify,10,deny,150,g,TRUE,manual,,,,https://i.ibb.co/qLm2Z503/X-1383-NS-SKY-BLUE-FRONT.jpg,,,,,,,,X-1383.NS_SKY-BLUE_42,,,,,,,,,,,,,,,,,,,,,BLUE
Vamas Pintucks Katori Cut Silk Sleeveless Blouse,vamas-pintucks-katori-cut-silk-sleeveless-blouse,Vamas Pintucks Katori Cut Silk Sleeveless Blouse,VAMAS,Apparel & Accessories > Clothing > Blouses,Blouse,"back-open,taffeta-silk,padded-blouse,signature-sleeveless,one-of-a-kind-blouses,new_blouses,sleeveless,v-neck",TRUE,active,B-385.NS_BOTTLE-GREEN_32,8.91E+12,COLOR,BOTTLE-GREEN,,SIZE,32,,,,,1999,1999,1999,FALSE,,,,,,Shopify,10,deny,150,g,TRUE,manual,https://i.ibb.co/gF7BcJSJ/B-385-NS-BOTTLE-GREEN-FRONT.jpg,1,,https://i.ibb.co/gF7BcJSJ/B-385-NS-BOTTLE-GREEN-FRONT.jpg,FALSE,Vamas Pintucks Katori Cut Silk Sleeveless Blouse | Vamas,Vamas Pintucks Katori Cut Silk Sleeveless Blouse,,Apparel & Accessories > Clothing > Shirts & Tops,Female,Adult,B-385.NS_BOTTLE-GREEN_32,,"back-open,v-neck,taffeta-silk,padded-blouse,sleeveless,signature-sleeveless,one-of-a-kind-blouses,new_blouses",,,,,,,,B-385.NS,ART SILK,PIN TUCKS,Readymade Padded Blouse,V NECK,SLEEVELESS,Soft Butter Inner Lining,Back Open,Soft Butter Inner Lining,Handcrafted in India,padded_blouse,BOTTLE-GREEN
,vamas-pintucks-katori-cut-silk-sleeveless-blouse,,,,,,,,B-385.NS_BOTTLE-GREEN_34,8.91E+12,,BOTTLE-GREEN,,,34,,,,,1999,1999,1999,FALSE,,,,,,Shopify,10,deny,150,g,TRUE,manual,https://i.ibb.co/sYqHrS5/B-385-NS-BOTTLE-GREEN-BACK.jpg,2,,https://i.ibb.co/gF7BcJSJ/B-385-NS-BOTTLE-GREEN-FRONT.jpg,,,,,,,,B-385.NS_BOTTLE-GREEN_34,,,,,,,,,,,,,,,,,,,,,BOTTLE-GREEN
,vamas-pintucks-katori-cut-silk-sleeveless-blouse,,,,,,,,B-385.NS_BOTTLE-GREEN_36,8.91E+12,,BOTTLE-GREEN,,,36,,,,,1999,1999,1999,FALSE,,,,,,Shopify,10,deny,150,g,TRUE,manual,https://i.ibb.co/NRnHqzr/B-385-NS-BOTTLE-GREEN-SIDE.jpg,3,,https://i.ibb.co/gF7BcJSJ/B-385-NS-BOTTLE-GREEN-FRONT.jpg,,,,,,,,B-385.NS_BOTTLE-GREEN_36,,,,,,,,,,,,,,,,,,,,,BOTTLE-GREEN
,vamas-pintucks-katori-cut-silk-sleeveless-blouse,,,,,,,,B-385.NS_BOTTLE-GREEN_38,8.91E+12,,BOTTLE-GREEN,,,38,,,,,1999,1999,1999,FALSE,,,,,,Shopify,10,deny,150,g,TRUE,manual,https://i.ibb.co/Q36qcNsR/B-385-NS-BOTTLE-GREEN-FULL.jpg,4,,https://i.ibb.co/gF7BcJSJ/B-385-NS-BOTTLE-GREEN-FRONT.jpg,,,,,,,,B-385.NS_BOTTLE-GREEN_38,,,,,,,,,,,,,,,,,,,,,BOTTLE-GREEN
,vamas-pintucks-katori-cut-silk-sleeveless-blouse,,,,,,,,B-385.NS_BOTTLE-GREEN_40,8.91E+12,,BOTTLE-GREEN,,,40,,,,,1999,1999,1999,FALSE,,,,,,Shopify,10,deny,150,g,TRUE,manual,https://i.ibb.co/BKzv6Lxz/B-385-NS-BOTTLE-GREEN-ZOOM.jpg,5,,https://i.ibb.co/gF7BcJSJ/B-385-NS-BOTTLE-GREEN-FRONT.jpg,,,,,,,,B-385.NS_BOTTLE-GREEN_40,,,,,,,,,,,,,,,,,,,,,BOTTLE-GREEN
,vamas-pintucks-katori-cut-silk-sleeveless-blouse,,,,,,,,B-385.NS_BOTTLE-GREEN_42,8.91E+12,,BOTTLE-GREEN,,,42,,,,,1999,1999,1999,FALSE,,,,,,Shopify,10,deny,150,g,TRUE,manual,,,,https://i.ibb.co/gF7BcJSJ/B-385-NS-BOTTLE-GREEN-FRONT.jpg,,,,,,,,B-385.NS_BOTTLE-GREEN_42,,,,,,,,,,,,,,,,,,,,,BOTTLE-GREEN
Vamas Cotton Heart Shirt Blouse,vamas-cotton-heart-shirt-blouse,Vamas Cotton Heart Shirt Blouse,VAMAS,Apparel & Accessories > Clothing > Blouses,Blouse,"back-open,cotton,padded-blouse,the-shirt-blouse,one-of-a-kind-blouses,new_blouses,sleeveless,square-neck",TRUE,active,B-386.NS_BLUE_32,8.91E+12,COLOR,BLUE,,SIZE,32,,,,,1999,1999,1999,FALSE,,,,,,Shopify,10,deny,150,g,TRUE,manual,https://i.ibb.co/V0jW2vn6/B-386-NS-BLUE-FRONT.jpg,1,,https://i.ibb.co/V0jW2vn6/B-386-NS-BLUE-FRONT.jpg,FALSE,Vamas Cotton Heart Shirt Blouse | Vamas,Vamas Cotton Heart Shirt Blouse,,Apparel & Accessories > Clothing > Shirts & Tops,Female,Adult,B-386.NS_BLUE_32,,"back-open,square-neck,cotton,padded-blouse,sleeveless,the-shirt-blouse,one-of-a-kind-blouses,new_blouses",,,,,,,,B-386.NS,COTTON,THREAD WORK,Readymade Padded Blouse,SQUARE NECK,SLEEVELESS,Soft Butter Inner Lining,Back Open,Soft Butter Inner Lining,Handcrafted in India,padded_blouse,BLUE
,vamas-cotton-heart-shirt-blouse,,,,,,,,B-386.NS_BLUE_34,8.91E+12,,BLUE,,,34,,,,,1999,1999,1999,FALSE,,,,,,Shopify,10,deny,150,g,TRUE,manual,https://i.ibb.co/8DSRqxfb/B-386-NS-BLUE-BACK.jpg,2,,https://i.ibb.co/V0jW2vn6/B-386-NS-BLUE-FRONT.jpg,,,,,,,,B-386.NS_BLUE_34,,,,,,,,,,,,,,,,,,,,,BLUE
,vamas-cotton-heart-shirt-blouse,,,,,,,,B-386.NS_BLUE_36,8.91E+12,,BLUE,,,36,,,,,1999,1999,1999,FALSE,,,,,,Shopify,10,deny,150,g,TRUE,manual,https://i.ibb.co/yFv5sCT3/B-386-NS-BLUE-SIDE.jpg,3,,https://i.ibb.co/V0jW2vn6/B-386-NS-BLUE-FRONT.jpg,,,,,,,,B-386.NS_BLUE_36,,,,,,,,,,,,,,,,,,,,,BLUE
,vamas-cotton-heart-shirt-blouse,,,,,,,,B-386.NS_BLUE_38,8.91E+12,,BLUE,,,38,,,,,1999,1999,1999,FALSE,,,,,,Shopify,10,deny,150,g,TRUE,manual,https://i.ibb.co/LzVNKBDG/B-386-NS-BLUE-FULL.jpg,4,,https://i.ibb.co/V0jW2vn6/B-386-NS-BLUE-FRONT.jpg,,,,,,,,B-386.NS_BLUE_38,,,,,,,,,,,,,,,,,,,,,BLUE
,vamas-cotton-heart-shirt-blouse,,,,,,,,B-386.NS_BLUE_40,8.91E+12,,BLUE,,,40,,,,,1999,1999,1999,FALSE,,,,,,Shopify,10,deny,150,g,TRUE,manual,https://i.ibb.co/bj5Wj62P/B-386-NS-BLUE-ZOOM.jpg,5,,https://i.ibb.co/V0jW2vn6/B-386-NS-BLUE-FRONT.jpg,,,,,,,,B-386.NS_BLUE_40,,,,,,,,,,,,,,,,,,,,,BLUE
,vamas-cotton-heart-shirt-blouse,,,,,,,,B-386.NS_BLUE_42,8.91E+12,,BLUE,,,42,,,,,1999,1999,1999,FALSE,,,,,,Shopify,10,deny,150,g,TRUE,manual,,,,https://i.ibb.co/V0jW2vn6/B-386-NS-BLUE-FRONT.jpg,,,,,,,,B-386.NS_BLUE_42,,,,,,,,,,,,,,,,,,,,,BLUE
Ethic Butta Weaved Zari Brocade Round Neck Blouse,ethic-butta-weaved-zari-brocade-round-neck-blouse,Ethic Butta Weaved Zari Brocade Round Neck Blouse,VAMAS,Apparel & Accessories > Clothing > Blouses,Blouse,"front-open,brocade,padded-blouse,brocade-bohemia,new_blouses,sleeveless,collar-neck",TRUE,active,X-1385.ELB_PURPLE_32,8.91E+12,COLOR,PURPLE,,SIZE,32,,,,,1699,1699,1699,FALSE,,,,,,Shopify,10,deny,150,g,TRUE,manual,https://i.ibb.co/C55zwfvQ/X-1385-ELB-PURPLE-FRONT.jpg,1,,https://i.ibb.co/C55zwfvQ/X-1385-ELB-PURPLE-FRONT.jpg,FALSE,Ethic Butta Weaved Zari Brocade Round Neck Blouse | Vamas,Ethic Butta Weaved Zari Brocade Round Neck Blouse,,Apparel & Accessories > Clothing > Shirts & Tops,Female,Adult,X-1385.ELB_PURPLE_32,,"front-open,collar-neck,brocade,padded-blouse,sleeveless,brocade-bohemia,new_blouses",,,,,,,,X-1385.ELB,BROCADE,NA,Readymade Padded Blouse,COLLAR NECK,SLEEVELESS,Soft Butter Inner Lining,Front Open,Soft Butter Inner Lining,Handcrafted in India,padded_blouse,PURPLE
,ethic-butta-weaved-zari-brocade-round-neck-blouse,,,,,,,,X-1385.ELB_PURPLE_34,8.91E+12,,PURPLE,,,34,,,,,1699,1699,1699,FALSE,,,,,,Shopify,10,deny,150,g,TRUE,manual,https://i.ibb.co/whFTY278/X-1385-ELB-PURPLE-BACK.jpg,2,,https://i.ibb.co/C55zwfvQ/X-1385-ELB-PURPLE-FRONT.jpg,,,,,,,,X-1385.ELB_PURPLE_34,,,,,,,,,,,,,,,,,,,,,PURPLE
,ethic-butta-weaved-zari-brocade-round-neck-blouse,,,,,,,,X-1385.ELB_PURPLE_36,8.91E+12,,PURPLE,,,36,,,,,1699,1699,1699,FALSE,,,,,,Shopify,10,deny,150,g,TRUE,manual,https://i.ibb.co/4RNrWcns/X-1385-ELB-PURPLE-SIDE.jpg,3,,https://i.ibb.co/C55zwfvQ/X-1385-ELB-PURPLE-FRONT.jpg,,,,,,,,X-1385.ELB_PURPLE_36,,,,,,,,,,,,,,,,,,,,,PURPLE
,ethic-butta-weaved-zari-brocade-round-neck-blouse,,,,,,,,X-1385.ELB_PURPLE_38,8.91E+12,,PURPLE,,,38,,,,,1699,1699,1699,FALSE,,,,,,Shopify,10,deny,150,g,TRUE,manual,https://i.ibb.co/fGyVzCRy/X-1385-ELB-PURPLE-FULL.jpg,4,,https://i.ibb.co/C55zwfvQ/X-1385-ELB-PURPLE-FRONT.jpg,,,,,,,,X-1385.ELB_PURPLE_38,,,,,,,,,,,,,,,,,,,,,PURPLE
,ethic-butta-weaved-zari-brocade-round-neck-blouse,,,,,,,,X-1385.ELB_PURPLE_40,8.91E+12,,PURPLE,,,40,,,,,1699,1699,1699,FALSE,,,,,,Shopify,10,deny,150,g,TRUE,manual,https://i.ibb.co/LXXQH7kB/X-1385-ELB-PURPLE-ZOOM.jpg,5,,https://i.ibb.co/C55zwfvQ/X-1385-ELB-PURPLE-FRONT.jpg,,,,,,,,X-1385.ELB_PURPLE_40,,,,,,,,,,,,,,,,,,,,,PURPLE
,ethic-butta-weaved-zari-brocade-round-neck-blouse,,,,,,,,X-1385.ELB_PURPLE_42,8.91E+12,,PURPLE,,,42,,,,,1699,1699,1699,FALSE,,,,,,Shopify,10,deny,150,g,TRUE,manual,,,,https://i.ibb.co/C55zwfvQ/X-1385-ELB-PURPLE-FRONT.jpg,,,,,,,,X-1385.ELB_PURPLE_42,,,,,,,,,,,,,,,,,,,,,PURPLE
Summer Printed V Neck Blouse,summer-printed-v-neck-blouse,Summer Printed V Neck Blouse,VAMAS,Apparel & Accessories > Clothing > Blouses,Blouse,"back-open,cotton,padded-blouse,brezzy-prints,new_blouses,elbow-sleeves,round-neck",TRUE,active,X-1387.ELB_VIOLET_32,8.91E+12,COLOR,VIOLET,,SIZE,32,,,,,1699,1699,1699,FALSE,,,,,,Shopify,10,deny,150,g,TRUE,manual,https://i.ibb.co/vCW5rQDJ/X-1387-ELB-VIOLET-FRONT.jpg,1,,https://i.ibb.co/vCW5rQDJ/X-1387-ELB-VIOLET-FRONT.jpg,FALSE,Summer Printed V Neck Blouse | Vamas,Summer Printed V Neck Blouse,,Apparel & Accessories > Clothing > Shirts & Tops,Female,Adult,X-1387.ELB_VIOLET_32,,"back-open,round-neck,cotton,padded-blouse,elbow-sleeves,brezzy-prints,new_blouses",,,,,,,,X-1387.ELB,COTTON,PRINTED,Readymade Padded Blouse,ROUND NECK,ELBOW SLEEVES,Soft Butter Inner Lining,Back Open,Soft Butter Inner Lining,Handcrafted in India,padded_blouse,PURPLE
,summer-printed-v-neck-blouse,,,,,,,,X-1387.ELB_VIOLET_34,8.91E+12,,VIOLET,,,34,,,,,1699,1699,1699,FALSE,,,,,,Shopify,10,deny,150,g,TRUE,manual,https://i.ibb.co/SwJK25YJ/X-1387-ELB-VIOLET-BACK.jpg,2,,https://i.ibb.co/vCW5rQDJ/X-1387-ELB-VIOLET-FRONT.jpg,,,,,,,,X-1387.ELB_VIOLET_34,,,,,,,,,,,,,,,,,,,,,PURPLE
,summer-printed-v-neck-blouse,,,,,,,,X-1387.ELB_VIOLET_36,8.91E+12,,VIOLET,,,36,,,,,1699,1699,1699,FALSE,,,,,,Shopify,10,deny,150,g,TRUE,manual,https://i.ibb.co/4ZwRnYbw/X-1387-ELB-VIOLET-SIDE.jpg,3,,https://i.ibb.co/vCW5rQDJ/X-1387-ELB-VIOLET-FRONT.jpg,,,,,,,,X-1387.ELB_VIOLET_36,,,,,,,,,,,,,,,,,,,,,PURPLE
,summer-printed-v-neck-blouse,,,,,,,,X-1387.ELB_VIOLET_38,8.91E+12,,VIOLET,,,38,,,,,1699,1699,1699,FALSE,,,,,,Shopify,10,deny,150,g,TRUE,manual,https://i.ibb.co/F45NY2Qf/X-1387-ELB-VIOLET-FULL.jpg,4,,https://i.ibb.co/vCW5rQDJ/X-1387-ELB-VIOLET-FRONT.jpg,,,,,,,,X-1387.ELB_VIOLET_38,,,,,,,,,,,,,,,,,,,,,PURPLE
,summer-printed-v-neck-blouse,,,,,,,,X-1387.ELB_VIOLET_40,8.91E+12,,VIOLET,,,40,,,,,1699,1699,1699,FALSE,,,,,,Shopify,10,deny,150,g,TRUE,manual,https://i.ibb.co/Gf7YwFKg/X-1387-ELB-VIOLET-ZOOM.jpg,5,,https://i.ibb.co/vCW5rQDJ/X-1387-ELB-VIOLET-FRONT.jpg,,,,,,,,X-1387.ELB_VIOLET_40,,,,,,,,,,,,,,,,,,,,,PURPLE
,summer-printed-v-neck-blouse,,,,,,,,X-1387.ELB_VIOLET_42,8.91E+12,,VIOLET,,,42,,,,,1699,1699,1699,FALSE,,,,,,Shopify,10,deny,150,g,TRUE,manual,,,,https://i.ibb.co/vCW5rQDJ/X-1387-ELB-VIOLET-FRONT.jpg,,,,,,,,X-1387.ELB_VIOLET_42,,,,,,,,,,,,,,,,,,,,,PURPLE
Vamas Velvet Paan Neck Blouse,vamas-velvet-paan-neck-blouse,Vamas Velvet Paan Neck Blouse,VAMAS,Apparel & Accessories > Clothing > Blouses,Blouse,"back-open,velvet,padded-blouse,party-wear,new_blouses,elbow-sleeves,v-neck",TRUE,active,X-1388.ELB_ROSE-GOLD_32,8.91E+12,COLOR,ROSE-GOLD,,SIZE,32,,,,,1999,1999,1999,FALSE,,,,,,Shopify,10,deny,150,g,TRUE,manual,https://i.ibb.co/ymJ1wy0K/X-1388-ELB-ROSE-GOLD-FRONT.jpg,1,,https://i.ibb.co/ymJ1wy0K/X-1388-ELB-ROSE-GOLD-FRONT.jpg,FALSE,Vamas Velvet Paan Neck Blouse | Vamas,Vamas Velvet Paan Neck Blouse,,Apparel & Accessories > Clothing > Shirts & Tops,Female,Adult,X-1388.ELB_ROSE-GOLD_32,,"back-open,v-neck,velvet,padded-blouse,elbow-sleeves,party-wear,new_blouses",,,,,,,,X-1388.ELB,VELVET,NA,Readymade Padded Blouse,V NECK,ELBOW SLEEVES,Soft Butter Inner Lining,Back Open,Soft Butter Inner Lining,Handcrafted in India,padded_blouse,COPPER
,vamas-velvet-paan-neck-blouse,,,,,,,,X-1388.ELB_ROSE-GOLD_34,8.91E+12,,ROSE-GOLD,,,34,,,,,1999,1999,1999,FALSE,,,,,,Shopify,10,deny,150,g,TRUE,manual,https://i.ibb.co/FRzy22y/X-1388-ELB-ROSE-GOLD-BACK.jpg,2,,https://i.ibb.co/ymJ1wy0K/X-1388-ELB-ROSE-GOLD-FRONT.jpg,,,,,,,,X-1388.ELB_ROSE-GOLD_34,,,,,,,,,,,,,,,,,,,,,COPPER
,vamas-velvet-paan-neck-blouse,,,,,,,,X-1388.ELB_ROSE-GOLD_36,8.91E+12,,ROSE-GOLD,,,36,,,,,1999,1999,1999,FALSE,,,,,,Shopify,10,deny,150,g,TRUE,manual,https://i.ibb.co/BVcz8gty/X-1388-ELB-ROSE-GOLD-SIDE.jpg,3,,https://i.ibb.co/ymJ1wy0K/X-1388-ELB-ROSE-GOLD-FRONT.jpg,,,,,,,,X-1388.ELB_ROSE-GOLD_36,,,,,,,,,,,,,,,,,,,,,COPPER
,vamas-velvet-paan-neck-blouse,,,,,,,,X-1388.ELB_ROSE-GOLD_38,8.91E+12,,ROSE-GOLD,,,38,,,,,1999,1999,1999,FALSE,,,,,,Shopify,10,deny,150,g,TRUE,manual,https://i.ibb.co/jvHLy8LC/X-1388-ELB-ROSE-GOLD-FULL.jpg,4,,https://i.ibb.co/ymJ1wy0K/X-1388-ELB-ROSE-GOLD-FRONT.jpg,,,,,,,,X-1388.ELB_ROSE-GOLD_38,,,,,,,,,,,,,,,,,,,,,COPPER
,vamas-velvet-paan-neck-blouse,,,,,,,,X-1388.ELB_ROSE-GOLD_40,8.91E+12,,ROSE-GOLD,,,40,,,,,1999,1999,1999,FALSE,,,,,,Shopify,10,deny,150,g,TRUE,manual,https://i.ibb.co/GfPL4qNj/X-1388-ELB-ROSE-GOLD-ZOOM.jpg,5,,https://i.ibb.co/ymJ1wy0K/X-1388-ELB-ROSE-GOLD-FRONT.jpg,,,,,,,,X-1388.ELB_ROSE-GOLD_40,,,,,,,,,,,,,,,,,,,,,COPPER
,vamas-velvet-paan-neck-blouse,,,,,,,,X-1388.ELB_ROSE-GOLD_42,8.91E+12,,ROSE-GOLD,,,42,,,,,1999,1999,1999,FALSE,,,,,,Shopify,10,deny,150,g,TRUE,manual,,,,https://i.ibb.co/ymJ1wy0K/X-1388-ELB-ROSE-GOLD-FRONT.jpg,,,,,,,,X-1388.ELB_ROSE-GOLD_42,,,,,,,,,,,,,,,,,,,,,COPPER
Zari Lines Rouching Black Blouse,zari-lines-rouching-black-blouse,Zari Lines Rouching Black Blouse,VAMAS,Apparel & Accessories > Clothing > Blouses,Blouse,"back-open,tissue,padded-blouse,party-wear,new_blouses,elbow-sleeves,square-neck",TRUE,active,X-1394.AS_BLACK_32,8.91E+12,COLOR,BLACK,,SIZE,32,,,,,1999,1999,1999,FALSE,,,,,,Shopify,10,deny,150,g,TRUE,manual,https://i.ibb.co/GvJqscT1/X-1394-AS-BLACK-FRONT.jpg,1,,https://i.ibb.co/GvJqscT1/X-1394-AS-BLACK-FRONT.jpg,FALSE,Zari Lines Rouching Black Blouse | Vamas,Zari Lines Rouching Black Blouse,,Apparel & Accessories > Clothing > Shirts & Tops,Female,Adult,X-1394.AS_BLACK_32,,"back-open,square-neck,tissue,padded-blouse,elbow-sleeves,party-wear,new_blouses",,,,,,,,X-1394.AS,TISSUE,NA,Readymade Padded Blouse,SQUARE NECK,ELBOW SLEEVES,Soft Butter Inner Lining,Back Open,Soft Butter Inner Lining,Handcrafted in India,padded_blouse,BLACK
,zari-lines-rouching-black-blouse,,,,,,,,X-1394.AS_BLACK_34,8.91E+12,,BLACK,,,34,,,,,1999,1999,1999,FALSE,,,,,,Shopify,10,deny,150,g,TRUE,manual,https://i.ibb.co/WvM7g5vn/X-1394-AS-BLACK-BACK.jpg,2,,https://i.ibb.co/GvJqscT1/X-1394-AS-BLACK-FRONT.jpg,,,,,,,,X-1394.AS_BLACK_34,,,,,,,,,,,,,,,,,,,,,BLACK
,zari-lines-rouching-black-blouse,,,,,,,,X-1394.AS_BLACK_36,8.91E+12,,BLACK,,,36,,,,,1999,1999,1999,FALSE,,,,,,Shopify,10,deny,150,g,TRUE,manual,https://i.ibb.co/wNqYdcvY/X-1394-AS-BLACK-SIDE.jpg,3,,https://i.ibb.co/GvJqscT1/X-1394-AS-BLACK-FRONT.jpg,,,,,,,,X-1394.AS_BLACK_36,,,,,,,,,,,,,,,,,,,,,BLACK
,zari-lines-rouching-black-blouse,,,,,,,,X-1394.AS_BLACK_38,8.91E+12,,BLACK,,,38,,,,,1999,1999,1999,FALSE,,,,,,Shopify,10,deny,150,g,TRUE,manual,https://i.ibb.co/NdJK5Df7/X-1394-AS-BLACK-FULL.jpg,4,,https://i.ibb.co/GvJqscT1/X-1394-AS-BLACK-FRONT.jpg,,,,,,,,X-1394.AS_BLACK_38,,,,,,,,,,,,,,,,,,,,,BLACK
,zari-lines-rouching-black-blouse,,,,,,,,X-1394.AS_BLACK_40,8.91E+12,,BLACK,,,40,,,,,1999,1999,1999,FALSE,,,,,,Shopify,10,deny,150,g,TRUE,manual,https://i.ibb.co/5hgc6hLW/X-1394-AS-BLACK-ZOOM.jpg,5,,https://i.ibb.co/GvJqscT1/X-1394-AS-BLACK-FRONT.jpg,,,,,,,,X-1394.AS_BLACK_40,,,,,,,,,,,,,,,,,,,,,BLACK
,zari-lines-rouching-black-blouse,,,,,,,,X-1394.AS_BLACK_42,8.91E+12,,BLACK,,,42,,,,,1999,1999,1999,FALSE,,,,,,Shopify,10,deny,150,g,TRUE,manual,,,,https://i.ibb.co/GvJqscT1/X-1394-AS-BLACK-FRONT.jpg,,,,,,,,X-1394.AS_BLACK_42,,,,,,,,,,,,,,,,,,,,,BLACK
Zari Brocade With Ethnic Weaving Round Neck Blouse,zari-brocade-with-ethnic-weaving-round-neck-blouse,Zari Brocade With Ethnic Weaving Round Neck Blouse,VAMAS,Apparel & Accessories > Clothing > Blouses,Blouse,"back-open,brocade,padded-blouse,brocade-bohemia,new_blouses,sleeveless,paan-neck",TRUE,active,X-1398.ELB_RED-MULTI_32,8.91E+12,COLOR,RED-MULTI,,SIZE,32,,,,,1899,1899,1899,FALSE,,,,,,Shopify,10,deny,150,g,TRUE,manual,https://i.ibb.co/m57d2bS1/X-1398-ELB-RED-MULTI-FRONT.jpg,1,,https://i.ibb.co/m57d2bS1/X-1398-ELB-RED-MULTI-FRONT.jpg,FALSE,Zari Brocade With Ethnic Weaving Round Neck Blouse | Vamas,Zari Brocade With Ethnic Weaving Round Neck Blouse,,Apparel & Accessories > Clothing > Shirts & Tops,Female,Adult,X-1398.ELB_RED-MULTI_32,,"back-open,paan-neck,brocade,padded-blouse,sleeveless,brocade-bohemia,new_blouses",,,,,,,,X-1398.ELB,BROCADE,NA,Readymade Padded Blouse,PAAN NECK,SLEEVELESS,Soft Butter Inner Lining,Back Open,Soft Butter Inner Lining,Handcrafted in India,padded_blouse,RED
,zari-brocade-with-ethnic-weaving-round-neck-blouse,,,,,,,,X-1398.ELB_RED-MULTI_34,8.91E+12,,RED-MULTI,,,34,,,,,1899,1899,1899,FALSE,,,,,,Shopify,10,deny,150,g,TRUE,manual,https://i.ibb.co/8nCwwVJb/X-1398-ELB-RED-MULTI-BACK.jpg,2,,https://i.ibb.co/m57d2bS1/X-1398-ELB-RED-MULTI-FRONT.jpg,,,,,,,,X-1398.ELB_RED-MULTI_34,,,,,,,,,,,,,,,,,,,,,RED
,zari-brocade-with-ethnic-weaving-round-neck-blouse,,,,,,,,X-1398.ELB_RED-MULTI_36,8.91E+12,,RED-MULTI,,,36,,,,,1899,1899,1899,FALSE,,,,,,Shopify,10,deny,150,g,TRUE,manual,https://i.ibb.co/HptnK0fD/X-1398-ELB-RED-MULTI-SIDE.jpg,3,,https://i.ibb.co/m57d2bS1/X-1398-ELB-RED-MULTI-FRONT.jpg,,,,,,,,X-1398.ELB_RED-MULTI_36,,,,,,,,,,,,,,,,,,,,,RED
,zari-brocade-with-ethnic-weaving-round-neck-blouse,,,,,,,,X-1398.ELB_RED-MULTI_38,8.91E+12,,RED-MULTI,,,38,,,,,1899,1899,1899,FALSE,,,,,,Shopify,10,deny,150,g,TRUE,manual,https://i.ibb.co/s9db5DC5/X-1398-ELB-RED-MULTI-FULL.jpg,4,,https://i.ibb.co/m57d2bS1/X-1398-ELB-RED-MULTI-FRONT.jpg,,,,,,,,X-1398.ELB_RED-MULTI_38,,,,,,,,,,,,,,,,,,,,,RED
,zari-brocade-with-ethnic-weaving-round-neck-blouse,,,,,,,,X-1398.ELB_RED-MULTI_40,8.91E+12,,RED-MULTI,,,40,,,,,1899,1899,1899,FALSE,,,,,,Shopify,10,deny,150,g,TRUE,manual,https://i.ibb.co/Lz3BF0Ns/X-1398-ELB-RED-MULTI-ZOOM.jpg,5,,https://i.ibb.co/m57d2bS1/X-1398-ELB-RED-MULTI-FRONT.jpg,,,,,,,,X-1398.ELB_RED-MULTI_40,,,,,,,,,,,,,,,,,,,,,RED
,zari-brocade-with-ethnic-weaving-round-neck-blouse,,,,,,,,X-1398.ELB_RED-MULTI_42,8.91E+12,,RED-MULTI,,,42,,,,,1899,1899,1899,FALSE,,,,,,Shopify,10,deny,150,g,TRUE,manual,,,,https://i.ibb.co/m57d2bS1/X-1398-ELB-RED-MULTI-FRONT.jpg,,,,,,,,X-1398.ELB_RED-MULTI_42,,,,,,,,,,,,,,,,,,,,,RED
